Datum,IntensivbettenGesamt,IntensivbettenBelegt,IntensivBettenFrei,COVID19FaelleAktuell,COVID19FaelleBeatmet,Quelle
1588248000,1073,620,453,54,40,https://diviexchange.z6.web.core.windows.net/laendertabelle1.svg
1588309200,1073,622,451,54,40,https://diviexchange.z6.web.core.windows.net/laendertabelle1.svg
1588312800,1067,604,463,55,39,https://diviexchange.z6.web.core.windows.net/laendertabelle1.svg
1588316400,1049,607,442,53,35,https://diviexchange.z6.web.core.windows.net/laendertabelle1.svg
1588323600,1049,609,440,53,35,https://diviexchange.z6.web.core.windows.net/laendertabelle1.svg
1588334400,1049,608,441,53,35,https://diviexchange.z6.web.core.windows.net/laendertabelle1.svg
1588395600,1053,609,444,53,35,https://diviexchange.z6.web.core.windows.net/laendertabelle1.svg
1588399200,1052,604,448,54,35,https://diviexchange.z6.web.core.windows.net/laendertabelle1.svg
1588402800,1053,596,457,53,35,https://diviexchange.z6.web.core.windows.net/laendertabelle1.svg
1588406400,1053,601,452,53,35,https://diviexchange.z6.web.core.windows.net/laendertabelle1.svg
1588446000,1046,596,450,53,35,https://diviexchange.z6.web.core.windows.net/laendertabelle1.svg
1588482000,1048,598,450,52,35,https://diviexchange.z6.web.core.windows.net/laendertabelle1.svg
1588485600,1048,588,460,49,34,https://diviexchange.z6.web.core.windows.net/laendertabelle1.svg
1588489200,1049,581,468,51,34,https://diviexchange.z6.web.core.windows.net/laendertabelle1.svg
1588492800,1049,579,470,51,34,https://diviexchange.z6.web.core.windows.net/laendertabelle1.svg
1588532400,1040,575,465,51,34,https://diviexchange.z6.web.core.windows.net/laendertabelle1.svg
1588564800,1038,573,465,51,34,https://diviexchange.z6.web.core.windows.net/laendertabelle1.svg
1588568400,1037,585,452,51,34,https://diviexchange.z6.web.core.windows.net/laendertabelle1.svg
1588572000,1044,580,464,48,31,https://diviexchange.z6.web.core.windows.net/laendertabelle1.svg
1588575600,1057,575,482,47,32,https://diviexchange.z6.web.core.windows.net/laendertabelle1.svg
1588618800,1057,575,482,48,33,https://diviexchange.z6.web.core.windows.net/laendertabelle1.svg
1588654800,1066,574,492,49,33,https://diviexchange.z6.web.core.windows.net/laendertabelle1.svg
1588658400,1066,589,477,49,31,https://diviexchange.z6.web.core.windows.net/laendertabelle1.svg
1588662000,1068,597,471,49,31,https://diviexchange.z6.web.core.windows.net/laendertabelle1.svg
1588665600,1068,596,472,49,31,https://diviexchange.z6.web.core.windows.net/laendertabelle1.svg
1588669200,1074,601,473,49,31,https://diviexchange.z6.web.core.windows.net/laendertabelle1.svg
1588741200,1074,603,471,48,32,https://diviexchange.z6.web.core.windows.net/laendertabelle1.svg
1588744800,1066,615,451,47,32,https://diviexchange.z6.web.core.windows.net/laendertabelle1.svg
1588748400,1053,620,433,43,31,https://diviexchange.z6.web.core.windows.net/laendertabelle1.svg
1588752000,1053,622,431,43,31,https://diviexchange.z6.web.core.windows.net/laendertabelle1.svg
1588827600,1056,621,435,42,30,https://diviexchange.z6.web.core.windows.net/laendertabelle1.svg
1588831200,1057,606,451,42,30,https://diviexchange.z6.web.core.windows.net/laendertabelle1.svg
1588834800,1057,614,443,42,31,https://diviexchange.z6.web.core.windows.net/laendertabelle1.svg
1588842000,1057,615,442,42,31,https://diviexchange.z6.web.core.windows.net/laendertabelle1.svg
1588885200,1051,610,441,42,31,https://diviexchange.z6.web.core.windows.net/laendertabelle1.svg
1588914000,1051,613,438,41,31,https://diviexchange.z6.web.core.windows.net/laendertabelle1.svg
1588917600,1052,625,427,42,32,https://diviexchange.z6.web.core.windows.net/laendertabelle1.svg
1588921200,1052,626,426,41,28,https://diviexchange.z6.web.core.windows.net/laendertabelle1.svg
1588924800,1052,624,428,41,28,https://diviexchange.z6.web.core.windows.net/laendertabelle1.svg
1588946400,1052,627,425,40,28,https://diviexchange.z6.web.core.windows.net/laendertabelle1.svg
1589000400,1052,619,433,39,27,https://diviexchange.z6.web.core.windows.net/laendertabelle1.svg
1589004000,1052,616,436,40,27,https://diviexchange.z6.web.core.windows.net/laendertabelle1.svg
1589007600,1036,616,420,39,26,https://diviexchange.z6.web.core.windows.net/laendertabelle1.svg
1589011200,1036,615,421,39,26,https://diviexchange.z6.web.core.windows.net/laendertabelle1.svg
1589014800,1036,617,419,40,26,https://diviexchange.z6.web.core.windows.net/laendertabelle1.svg
1589090400,1034,609,425,41,27,https://diviexchange.z6.web.core.windows.net/laendertabelle1.svg
1589094000,1041,596,445,39,26,https://diviexchange.z6.web.core.windows.net/laendertabelle1.svg
1589097600,1051,606,445,39,26,https://diviexchange.z6.web.core.windows.net/laendertabelle1.svg
1589169600,1051,603,448,39,26,https://diviexchange.z6.web.core.windows.net/laendertabelle1.svg
1589173200,1047,606,441,38,26,https://diviexchange.z6.web.core.windows.net/laendertabelle1.svg
1589176800,1050,616,434,40,25,https://diviexchange.z6.web.core.windows.net/laendertabelle1.svg
1589180400,1045,608,437,40,24,https://diviexchange.z6.web.core.windows.net/laendertabelle1.svg
1589205600,1045,604,441,40,24,https://diviexchange.z6.web.core.windows.net/laendertabelle1.svg
1589238000,1045,602,443,40,24,https://diviexchange.z6.web.core.windows.net/laendertabelle1.svg
1589259600,1045,608,437,39,24,https://diviexchange.z6.web.core.windows.net/laendertabelle1.svg
1589263200,1046,610,436,38,24,https://diviexchange.z6.web.core.windows.net/laendertabelle1.svg
1589266800,1049,620,429,39,25,https://diviexchange.z6.web.core.windows.net/laendertabelle1.svg
1589270400,1049,620,429,38,25,https://diviexchange.z6.web.core.windows.net/laendertabelle1.svg
1589295600,1051,622,429,38,24,https://diviexchange.z6.web.core.windows.net/laendertabelle1.svg
1589346000,1047,616,431,37,23,https://diviexchange.z6.web.core.windows.net/laendertabelle1.svg
1589353200,1048,643,405,34,21,https://diviexchange.z6.web.core.windows.net/laendertabelle1.svg
1589432400,1048,640,408,34,21,https://diviexchange.z6.web.core.windows.net/laendertabelle1.svg
1589436000,1052,632,420,33,20,https://diviexchange.z6.web.core.windows.net/laendertabelle1.svg
1589439600,1051,622,429,34,20,https://diviexchange.z6.web.core.windows.net/laendertabelle1.svg
1589461200,1057,627,430,34,20,https://diviexchange.z6.web.core.windows.net/laendertabelle1.svg
1589518800,1057,628,429,35,20,https://diviexchange.z6.web.core.windows.net/laendertabelle1.svg
1589522400,1047,626,421,35,20,https://diviexchange.z6.web.core.windows.net/laendertabelle1.svg
1589526000,1047,629,418,36,20,https://diviexchange.z6.web.core.windows.net/laendertabelle1.svg
1589529600,1047,636,411,35,19,https://diviexchange.z6.web.core.windows.net/laendertabelle1.svg
1589533200,1048,636,412,34,19,https://diviexchange.z6.web.core.windows.net/laendertabelle1.svg
1589608800,1017,643,374,35,22,https://diviexchange.z6.web.core.windows.net/laendertabelle1.svg
1589612400,1008,631,377,36,22,https://diviexchange.z6.web.core.windows.net/laendertabelle1.svg
1589623200,1008,633,375,36,23,https://diviexchange.z6.web.core.windows.net/laendertabelle1.svg
1589630400,1008,634,374,36,23,https://diviexchange.z6.web.core.windows.net/laendertabelle1.svg
1589677200,1002,629,373,36,23,https://diviexchange.z6.web.core.windows.net/laendertabelle1.svg
1589691600,1002,630,372,35,22,https://diviexchange.z6.web.core.windows.net/laendertabelle1.svg
1589695200,1002,619,383,35,22,https://diviexchange.z6.web.core.windows.net/laendertabelle1.svg
1589698800,1021,626,395,33,22,https://diviexchange.z6.web.core.windows.net/laendertabelle1.svg
1589702400,1023,622,401,33,22,https://diviexchange.z6.web.core.windows.net/laendertabelle1.svg
1589706000,1023,619,404,33,22,https://diviexchange.z6.web.core.windows.net/laendertabelle1.svg
1589731200,1023,621,402,33,22,https://diviexchange.z6.web.core.windows.net/laendertabelle1.svg
1589738400,965,570,395,33,22,https://diviexchange.z6.web.core.windows.net/laendertabelle1.svg
1589774400,965,572,393,33,22,https://diviexchange.z6.web.core.windows.net/laendertabelle1.svg
1589778000,965,570,395,33,21,https://diviexchange.z6.web.core.windows.net/laendertabelle1.svg
1589781600,1017,617,400,35,21,https://diviexchange.z6.web.core.windows.net/laendertabelle1.svg
1589785200,1016,612,404,33,20,https://diviexchange.z6.web.core.windows.net/laendertabelle1.svg
1589788800,1016,613,403,34,20,https://diviexchange.z6.web.core.windows.net/laendertabelle1.svg
1589792400,1022,617,405,34,20,https://diviexchange.z6.web.core.windows.net/laendertabelle1.svg
1589860800,1022,615,407,34,20,https://diviexchange.z6.web.core.windows.net/laendertabelle1.svg
1589864400,1016,618,398,34,19,https://diviexchange.z6.web.core.windows.net/laendertabelle1.svg
1589868000,1016,621,395,32,16,https://diviexchange.z6.web.core.windows.net/laendertabelle1.svg
1589871600,1015,624,391,35,16,https://diviexchange.z6.web.core.windows.net/laendertabelle1.svg
1589875200,1015,629,386,35,16,https://diviexchange.z6.web.core.windows.net/laendertabelle1.svg
1589882400,1015,630,385,35,16,https://diviexchange.z6.web.core.windows.net/laendertabelle1.svg
1589950800,1017,624,393,35,16,https://diviexchange.z6.web.core.windows.net/laendertabelle1.svg
1589954400,1024,619,405,33,14,https://diviexchange.z6.web.core.windows.net/laendertabelle1.svg
1589958000,1025,614,411,34,15,https://diviexchange.z6.web.core.windows.net/laendertabelle1.svg
1589968800,1018,613,405,34,15,https://diviexchange.z6.web.core.windows.net/laendertabelle1.svg
1590008400,1012,609,403,34,15,https://diviexchange.z6.web.core.windows.net/laendertabelle1.svg
1590033600,1012,614,398,34,15,https://diviexchange.z6.web.core.windows.net/laendertabelle1.svg
1590037200,1010,614,396,34,15,https://diviexchange.z6.web.core.windows.net/laendertabelle1.svg
1590044400,1002,603,399,33,13,https://diviexchange.z6.web.core.windows.net/laendertabelle1.svg
1590084000,1002,602,400,33,13,https://diviexchange.z6.web.core.windows.net/laendertabelle1.svg
1590123600,1004,597,407,32,13,https://diviexchange.z6.web.core.windows.net/laendertabelle1.svg
1590127200,1007,584,423,33,13,https://diviexchange.z6.web.core.windows.net/laendertabelle1.svg
1590130800,1017,581,436,33,13,https://diviexchange.z6.web.core.windows.net/laendertabelle1.svg
1590134400,1017,583,434,33,13,https://diviexchange.z6.web.core.windows.net/laendertabelle1.svg
1590206400,1017,582,435,33,13,https://diviexchange.z6.web.core.windows.net/laendertabelle1.svg
1590210000,1015,571,444,34,13,https://diviexchange.z6.web.core.windows.net/laendertabelle1.svg
1590213600,1017,579,438,33,13,https://diviexchange.z6.web.core.windows.net/laendertabelle1.svg
1590217200,1018,572,446,31,13,https://diviexchange.z6.web.core.windows.net/laendertabelle1.svg
1590220800,1018,565,453,31,13,https://diviexchange.z6.web.core.windows.net/laendertabelle1.svg
1590296400,1018,559,459,31,13,https://diviexchange.z6.web.core.windows.net/laendertabelle1.svg
1590300000,1018,567,451,30,13,https://diviexchange.z6.web.core.windows.net/laendertabelle1.svg
1590303600,1019,554,465,30,12,https://diviexchange.z6.web.core.windows.net/laendertabelle1.svg
1590310800,1019,552,467,29,12,https://diviexchange.z6.web.core.windows.net/laendertabelle1.svg
1590379200,1025,557,468,29,12,https://diviexchange.z6.web.core.windows.net/laendertabelle1.svg
1590382800,1025,561,464,29,12,https://diviexchange.z6.web.core.windows.net/laendertabelle1.svg
1590386400,1021,555,466,30,13,https://diviexchange.z6.web.core.windows.net/laendertabelle1.svg
1590390000,1022,575,447,29,12,https://diviexchange.z6.web.core.windows.net/laendertabelle1.svg
1590393600,1022,578,444,29,12,https://diviexchange.z6.web.core.windows.net/laendertabelle1.svg
1590469200,1022,601,421,27,11,https://diviexchange.z6.web.core.windows.net/laendertabelle1.svg
1590472800,1021,606,415,27,11,https://diviexchange.z6.web.core.windows.net/laendertabelle1.svg
1590476400,1021,605,416,25,12,https://diviexchange.z6.web.core.windows.net/laendertabelle1.svg
1590534000,1020,605,415,25,12,https://diviexchange.z6.web.core.windows.net/laendertabelle1.svg
1590552000,1014,603,411,25,12,https://diviexchange.z6.web.core.windows.net/laendertabelle1.svg
1590555600,1013,596,417,25,12,https://diviexchange.z6.web.core.windows.net/laendertabelle1.svg
1590559200,1015,597,418,23,11,https://diviexchange.z6.web.core.windows.net/laendertabelle1.svg
1590562800,1013,599,414,22,11,https://diviexchange.z6.web.core.windows.net/laendertabelle1.svg
1590642000,1013,592,421,22,11,https://diviexchange.z6.web.core.windows.net/laendertabelle1.svg
1590645600,1027,605,422,21,10,https://diviexchange.z6.web.core.windows.net/laendertabelle1.svg
1590649200,1027,606,421,20,9,https://diviexchange.z6.web.core.windows.net/laendertabelle1.svg
1590660000,1027,610,417,20,9,https://diviexchange.z6.web.core.windows.net/laendertabelle1.svg
1590667200,1027,609,418,20,9,https://diviexchange.z6.web.core.windows.net/laendertabelle1.svg
1590728400,1015,598,417,20,9,https://diviexchange.z6.web.core.windows.net/laendertabelle1.svg
1590732000,1006,599,407,21,9,https://diviexchange.z6.web.core.windows.net/laendertabelle1.svg
1590735600,1002,604,398,20,6,https://diviexchange.z6.web.core.windows.net/laendertabelle1.svg
1590750000,1002,603,399,20,6,https://diviexchange.z6.web.core.windows.net/laendertabelle1.svg
1590818400,1002,608,394,20,6,https://diviexchange.z6.web.core.windows.net/laendertabelle1.svg
1590822000,999,598,401,17,6,https://diviexchange.z6.web.core.windows.net/laendertabelle1.svg
1590825600,999,596,403,17,6,https://diviexchange.z6.web.core.windows.net/laendertabelle1.svg
1590836400,999,597,402,17,6,https://diviexchange.z6.web.core.windows.net/laendertabelle1.svg
1590847200,1003,597,406,17,6,https://diviexchange.z6.web.core.windows.net/laendertabelle1.svg
1590850800,1003,593,410,17,6,https://diviexchange.z6.web.core.windows.net/laendertabelle1.svg
1590883200,1003,592,411,17,6,https://diviexchange.z6.web.core.windows.net/laendertabelle1.svg
1590901200,1003,586,417,17,6,https://diviexchange.z6.web.core.windows.net/laendertabelle1.svg
1590904800,1006,594,412,19,6,https://diviexchange.z6.web.core.windows.net/laendertabelle1.svg
1590908400,1005,587,418,20,7,https://diviexchange.z6.web.core.windows.net/laendertabelle1.svg
1590912000,1005,585,420,20,7,https://diviexchange.z6.web.core.windows.net/laendertabelle1.svg
1590922800,1005,588,417,20,7,https://diviexchange.z6.web.core.windows.net/laendertabelle1.svg
1590944400,1004,587,417,20,7,https://diviexchange.z6.web.core.windows.net/laendertabelle1.svg
1590948000,987,582,405,18,5,https://diviexchange.z6.web.core.windows.net/laendertabelle1.svg
1590962400,987,583,404,18,5,https://diviexchange.z6.web.core.windows.net/laendertabelle1.svg
1590984000,987,584,403,18,5,https://diviexchange.z6.web.core.windows.net/laendertabelle1.svg
1590987600,987,587,400,18,4,https://diviexchange.z6.web.core.windows.net/laendertabelle1.svg
1590991200,986,574,412,18,4,https://diviexchange.z6.web.core.windows.net/laendertabelle1.svg
1590994800,995,564,431,18,4,https://diviexchange.z6.web.core.windows.net/laendertabelle1.svg
1591002000,994,566,428,18,4,https://diviexchange.z6.web.core.windows.net/laendertabelle1.svg
1591005600,994,565,429,18,4,https://diviexchange.z6.web.core.windows.net/laendertabelle1.svg
1591020000,1011,572,439,20,6,https://diviexchange.z6.web.core.windows.net/laendertabelle1.svg
1591074000,1010,577,433,19,6,https://diviexchange.z6.web.core.windows.net/laendertabelle1.svg
1591077600,1010,564,446,19,6,https://diviexchange.z6.web.core.windows.net/laendertabelle1.svg
1591081200,1006,560,446,19,6,https://diviexchange.z6.web.core.windows.net/laendertabelle1.svg
1591084800,1005,559,446,19,6,https://diviexchange.z6.web.core.windows.net/laendertabelle1.svg
1591160400,1004,589,415,18,5,https://diviexchange.z6.web.core.windows.net/laendertabelle1.svg
1591164000,1004,596,408,19,5,https://diviexchange.z6.web.core.windows.net/laendertabelle1.svg
1591167600,1005,609,396,19,6,https://diviexchange.z6.web.core.windows.net/laendertabelle1.svg
1591178400,1005,609,396,20,6,https://diviexchange.z6.web.core.windows.net/laendertabelle1.svg
1591246800,1008,611,397,16,6,https://diviexchange.z6.web.core.windows.net/laendertabelle1.svg
1591250400,1006,614,392,15,5,https://diviexchange.z6.web.core.windows.net/laendertabelle1.svg
1591254000,1006,622,384,15,6,https://diviexchange.z6.web.core.windows.net/laendertabelle1.svg
1591261200,1004,621,383,15,6,https://diviexchange.z6.web.core.windows.net/laendertabelle1.svg
1591272000,1004,619,385,15,6,https://diviexchange.z6.web.core.windows.net/laendertabelle1.svg
1591333200,1005,622,383,16,6,https://diviexchange.z6.web.core.windows.net/laendertabelle1.svg
1591336800,1005,636,369,16,6,https://diviexchange.z6.web.core.windows.net/laendertabelle1.svg
1591340400,1006,639,367,16,6,https://diviexchange.z6.web.core.windows.net/laendertabelle1.svg
1591344000,1006,638,368,16,6,https://diviexchange.z6.web.core.windows.net/laendertabelle1.svg
1591347600,1006,637,369,15,6,https://diviexchange.z6.web.core.windows.net/laendertabelle1.svg
1591365600,1006,639,367,15,6,https://diviexchange.z6.web.core.windows.net/laendertabelle1.svg
1591416000,1006,638,368,14,6,https://diviexchange.z6.web.core.windows.net/laendertabelle1.svg
1591419600,1006,634,372,14,6,https://diviexchange.z6.web.core.windows.net/laendertabelle1.svg
1591423200,1002,622,380,14,6,https://diviexchange.z6.web.core.windows.net/laendertabelle1.svg
1591426800,1005,624,381,15,6,https://diviexchange.z6.web.core.windows.net/laendertabelle1.svg
1591430400,1005,625,380,15,6,https://diviexchange.z6.web.core.windows.net/laendertabelle1.svg
1591488000,1005,623,382,15,6,https://diviexchange.z6.web.core.windows.net/laendertabelle1.svg
1591506000,1005,619,386,15,6,https://diviexchange.z6.web.core.windows.net/laendertabelle1.svg
1591509600,1007,596,411,14,6,https://diviexchange.z6.web.core.windows.net/laendertabelle1.svg
1591513200,1005,598,407,14,6,https://diviexchange.z6.web.core.windows.net/laendertabelle1.svg
1591516800,1005,596,409,14,6,https://diviexchange.z6.web.core.windows.net/laendertabelle1.svg
1591520400,1005,590,415,13,6,https://diviexchange.z6.web.core.windows.net/laendertabelle1.svg
1591592400,1005,568,437,11,6,https://diviexchange.z6.web.core.windows.net/laendertabelle1.svg
1591596000,1014,568,446,11,6,https://diviexchange.z6.web.core.windows.net/laendertabelle1.svg
1591599600,1014,558,456,11,6,https://diviexchange.z6.web.core.windows.net/laendertabelle1.svg
1591603200,1014,561,453,11,6,https://diviexchange.z6.web.core.windows.net/laendertabelle1.svg
1591678800,1015,583,432,13,6,https://diviexchange.z6.web.core.windows.net/laendertabelle1.svg
1591682400,1013,596,417,13,6,https://diviexchange.z6.web.core.windows.net/laendertabelle1.svg
1591686000,1007,622,385,14,7,https://diviexchange.z6.web.core.windows.net/laendertabelle1.svg
1591696800,1007,622,385,13,6,https://diviexchange.z6.web.core.windows.net/laendertabelle1.svg
1591722000,1007,621,386,13,6,https://diviexchange.z6.web.core.windows.net/laendertabelle1.svg
1591765200,1005,630,375,12,5,https://diviexchange.z6.web.core.windows.net/laendertabelle1.svg
1591768800,1000,633,367,12,5,https://diviexchange.z6.web.core.windows.net/laendertabelle1.svg
1591772400,997,619,378,12,5,https://diviexchange.z6.web.core.windows.net/laendertabelle1.svg
1591959600,994,619,375,13,5,https://diviexchange.z6.web.core.windows.net/laendertabelle1.svg
1592024400,995,620,375,12,5,https://diviexchange.z6.web.core.windows.net/laendertabelle1.svg
1592028000,991,621,370,11,5,https://diviexchange.z6.web.core.windows.net/laendertabelle1.svg
1592031600,994,614,380,12,6,https://diviexchange.z6.web.core.windows.net/laendertabelle1.svg
1592035200,994,621,373,12,6,https://diviexchange.z6.web.core.windows.net/laendertabelle1.svg
1592042400,994,618,376,12,6,https://diviexchange.z6.web.core.windows.net/laendertabelle1.svg
1592049600,994,620,374,12,6,https://diviexchange.z6.web.core.windows.net/laendertabelle1.svg
1592114400,992,598,394,12,6,https://diviexchange.z6.web.core.windows.net/laendertabelle1.svg
1592118000,999,590,409,11,6,https://diviexchange.z6.web.core.windows.net/laendertabelle1.svg
1592121600,999,591,408,11,6,https://diviexchange.z6.web.core.windows.net/laendertabelle1.svg
1592125200,999,594,405,11,6,https://diviexchange.z6.web.core.windows.net/laendertabelle1.svg
1592128800,1000,594,406,10,5,https://diviexchange.z6.web.core.windows.net/laendertabelle1.svg
1592197200,1006,606,400,10,5,https://diviexchange.z6.web.core.windows.net/laendertabelle1.svg
1592200800,1000,595,405,9,4,https://diviexchange.z6.web.core.windows.net/laendertabelle1.svg
1592204400,1002,598,404,9,4,https://diviexchange.z6.web.core.windows.net/laendertabelle1.svg
1592208000,1002,599,403,9,4,https://diviexchange.z6.web.core.windows.net/laendertabelle1.svg
1592211600,1002,597,405,9,3,https://diviexchange.z6.web.core.windows.net/laendertabelle1.svg
1592240400,1002,596,406,9,3,https://diviexchange.z6.web.core.windows.net/laendertabelle1.svg
1592280000,1002,598,404,9,3,https://diviexchange.z6.web.core.windows.net/laendertabelle1.svg
1592283600,998,593,405,7,3,https://diviexchange.z6.web.core.windows.net/laendertabelle1.svg
1592287200,1006,612,394,7,3,https://diviexchange.z6.web.core.windows.net/laendertabelle1.svg
1592290800,1003,619,384,7,3,https://diviexchange.z6.web.core.windows.net/laendertabelle1.svg
1592294400,1003,615,388,6,2,https://diviexchange.z6.web.core.windows.net/laendertabelle1.svg
1592298000,1002,614,388,6,2,https://diviexchange.z6.web.core.windows.net/laendertabelle1.svg
1592366400,1002,617,385,6,2,https://diviexchange.z6.web.core.windows.net/laendertabelle1.svg
1592370000,996,619,377,6,2,https://diviexchange.z6.web.core.windows.net/laendertabelle1.svg
1592373600,992,618,374,5,1,https://diviexchange.z6.web.core.windows.net/laendertabelle1.svg
1592377200,998,631,367,5,1,https://diviexchange.z6.web.core.windows.net/laendertabelle1.svg
1592380800,998,635,363,5,1,https://diviexchange.z6.web.core.windows.net/laendertabelle1.svg
1592384400,998,637,361,5,1,https://diviexchange.z6.web.core.windows.net/laendertabelle1.svg
1592395200,998,638,360,5,1,https://diviexchange.z6.web.core.windows.net/laendertabelle1.svg
1592456400,997,639,358,5,1,https://diviexchange.z6.web.core.windows.net/laendertabelle1.svg
1592460000,998,636,362,5,1,https://diviexchange.z6.web.core.windows.net/laendertabelle1.svg
1592463600,1002,640,362,5,1,https://diviexchange.z6.web.core.windows.net/laendertabelle1.svg
1592467200,1002,641,361,5,1,https://diviexchange.z6.web.core.windows.net/laendertabelle1.svg
1592539200,1002,642,360,5,1,https://diviexchange.z6.web.core.windows.net/laendertabelle1.svg
1592542800,1002,631,371,5,1,https://diviexchange.z6.web.core.windows.net/laendertabelle1.svg
1592546400,999,637,362,5,1,https://diviexchange.z6.web.core.windows.net/laendertabelle1.svg
1592550000,998,632,366,5,1,https://diviexchange.z6.web.core.windows.net/laendertabelle1.svg
1592553600,998,632,366,4,1,https://diviexchange.z6.web.core.windows.net/laendertabelle1.svg
1592557200,997,633,364,4,1,https://diviexchange.z6.web.core.windows.net/laendertabelle1.svg
1592629200,997,616,381,5,1,https://diviexchange.z6.web.core.windows.net/laendertabelle1.svg
1592632800,995,602,393,5,1,https://diviexchange.z6.web.core.windows.net/laendertabelle1.svg
1592636400,996,594,402,5,1,https://diviexchange.z6.web.core.windows.net/laendertabelle1.svg
1592640000,992,589,403,5,1,https://diviexchange.z6.web.core.windows.net/laendertabelle1.svg
1592643600,992,586,406,5,1,https://diviexchange.z6.web.core.windows.net/laendertabelle1.svg
1592672400,992,587,405,5,1,https://diviexchange.z6.web.core.windows.net/laendertabelle1.svg
1592683200,992,585,407,5,1,https://diviexchange.z6.web.core.windows.net/laendertabelle1.svg
1592715600,992,591,401,5,1,https://diviexchange.z6.web.core.windows.net/laendertabelle1.svg
1592719200,998,577,421,4,1,https://diviexchange.z6.web.core.windows.net/laendertabelle1.svg
1592722800,1000,574,426,4,1,https://diviexchange.z6.web.core.windows.net/laendertabelle1.svg
1592726400,999,580,419,4,1,https://diviexchange.z6.web.core.windows.net/laendertabelle1.svg
1592730000,999,575,424,4,1,https://diviexchange.z6.web.core.windows.net/laendertabelle1.svg
1592733600,999,574,425,4,1,https://diviexchange.z6.web.core.windows.net/laendertabelle1.svg
1592740800,1004,574,430,4,1,https://diviexchange.z6.web.core.windows.net/laendertabelle1.svg
1592798400,1004,569,435,4,1,https://diviexchange.z6.web.core.windows.net/laendertabelle1.svg
1592802000,1003,561,442,5,2,https://diviexchange.z6.web.core.windows.net/laendertabelle1.svg
1592805600,999,551,448,5,2,https://diviexchange.z6.web.core.windows.net/laendertabelle1.svg
1592809200,1002,561,441,5,2,https://diviexchange.z6.web.core.windows.net/laendertabelle1.svg
1592834400,997,559,438,5,2,https://diviexchange.z6.web.core.windows.net/laendertabelle1.svg
1592884800,997,564,433,6,2,https://diviexchange.z6.web.core.windows.net/laendertabelle1.svg
1592888400,997,582,415,6,2,https://diviexchange.z6.web.core.windows.net/laendertabelle1.svg
1592892000,993,608,385,6,2,https://diviexchange.z6.web.core.windows.net/laendertabelle1.svg
1592895600,992,610,382,6,2,https://diviexchange.z6.web.core.windows.net/laendertabelle1.svg
1592902800,992,609,383,6,2,https://diviexchange.z6.web.core.windows.net/laendertabelle1.svg
1592906400,996,608,388,6,2,https://diviexchange.z6.web.core.windows.net/laendertabelle1.svg
1592974800,996,605,391,6,2,https://diviexchange.z6.web.core.windows.net/laendertabelle1.svg
1592978400,996,603,393,6,2,https://diviexchange.z6.web.core.windows.net/laendertabelle1.svg
1592982000,996,595,401,5,2,https://diviexchange.z6.web.core.windows.net/laendertabelle1.svg
1592985600,1007,589,418,5,2,https://diviexchange.z6.web.core.windows.net/laendertabelle1.svg
1592989200,1007,588,419,5,2,https://diviexchange.z6.web.core.windows.net/laendertabelle1.svg
1592992800,1007,585,422,5,2,https://diviexchange.z6.web.core.windows.net/laendertabelle1.svg
1593014400,1007,586,421,5,2,https://diviexchange.z6.web.core.windows.net/laendertabelle1.svg
1593061200,1007,594,413,5,2,https://diviexchange.z6.web.core.windows.net/laendertabelle1.svg
1593064800,998,591,407,5,2,https://diviexchange.z6.web.core.windows.net/laendertabelle1.svg
1593068400,1003,612,391,5,2,https://diviexchange.z6.web.core.windows.net/laendertabelle1.svg
1593086400,1010,615,395,5,2,https://diviexchange.z6.web.core.windows.net/laendertabelle1.svg
1593093600,1010,622,388,5,2,https://diviexchange.z6.web.core.windows.net/laendertabelle1.svg
1593144000,1010,623,387,5,2,https://diviexchange.z6.web.core.windows.net/laendertabelle1.svg
1593147600,1013,622,391,5,2,https://diviexchange.z6.web.core.windows.net/laendertabelle1.svg
1593154800,1007,623,384,5,2,https://diviexchange.z6.web.core.windows.net/laendertabelle1.svg
1593158400,1017,633,384,5,2,https://diviexchange.z6.web.core.windows.net/laendertabelle1.svg
1593165600,1019,639,380,5,2,https://diviexchange.z6.web.core.windows.net/laendertabelle1.svg
1593172800,1018,639,379,5,2,https://diviexchange.z6.web.core.windows.net/laendertabelle1.svg
1593176400,1018,638,380,5,2,https://diviexchange.z6.web.core.windows.net/laendertabelle1.svg
1593234000,1018,636,382,5,2,https://diviexchange.z6.web.core.windows.net/laendertabelle1.svg
1593237600,1017,631,386,5,2,https://diviexchange.z6.web.core.windows.net/laendertabelle1.svg
1593241200,1016,621,395,6,3,https://diviexchange.z6.web.core.windows.net/laendertabelle1.svg
1593244800,1004,610,394,6,3,https://diviexchange.z6.web.core.windows.net/laendertabelle1.svg
1593248400,1002,605,397,6,3,https://diviexchange.z6.web.core.windows.net/laendertabelle1.svg
1593252000,1002,604,398,6,3,https://diviexchange.z6.web.core.windows.net/laendertabelle1.svg
1593270000,1003,605,398,6,3,https://diviexchange.z6.web.core.windows.net/laendertabelle1.svg
1593320400,1003,604,399,6,3,https://diviexchange.z6.web.core.windows.net/laendertabelle1.svg
1593324000,1003,602,401,6,3,https://diviexchange.z6.web.core.windows.net/laendertabelle1.svg
1593327600,1011,611,400,6,3,https://diviexchange.z6.web.core.windows.net/laendertabelle1.svg
1593331200,1009,605,404,6,3,https://diviexchange.z6.web.core.windows.net/laendertabelle1.svg
1593338400,1009,593,416,6,3,https://diviexchange.z6.web.core.windows.net/laendertabelle1.svg
1593342000,1009,578,431,5,2,https://diviexchange.z6.web.core.windows.net/laendertabelle1.svg
1593345600,1008,577,431,5,2,https://diviexchange.z6.web.core.windows.net/laendertabelle1.svg
1593378000,1006,575,431,5,2,https://diviexchange.z6.web.core.windows.net/laendertabelle1.svg
1593388800,1000,572,428,5,2,https://diviexchange.z6.web.core.windows.net/laendertabelle1.svg
1593403200,1000,569,431,5,2,https://diviexchange.z6.web.core.windows.net/laendertabelle1.svg
1593406800,1000,561,439,5,2,https://diviexchange.z6.web.core.windows.net/laendertabelle1.svg
1593410400,1002,556,446,5,2,https://diviexchange.z6.web.core.windows.net/laendertabelle1.svg
1593414000,1003,543,460,5,2,https://diviexchange.z6.web.core.windows.net/laendertabelle1.svg
1593417600,1009,550,459,5,2,https://diviexchange.z6.web.core.windows.net/laendertabelle1.svg
1593421200,1009,551,458,5,2,https://diviexchange.z6.web.core.windows.net/laendertabelle1.svg
1593489600,1009,549,460,5,2,https://diviexchange.z6.web.core.windows.net/laendertabelle1.svg
1593493200,1001,569,432,4,1,https://diviexchange.z6.web.core.windows.net/laendertabelle1.svg
1593496800,1006,599,407,4,1,https://diviexchange.z6.web.core.windows.net/laendertabelle1.svg
1593500400,1006,612,394,4,1,https://diviexchange.z6.web.core.windows.net/laendertabelle1.svg
1593504000,1006,616,390,4,1,https://diviexchange.z6.web.core.windows.net/laendertabelle1.svg
1593507600,1006,619,387,4,1,https://diviexchange.z6.web.core.windows.net/laendertabelle1.svg
1593511200,1006,617,389,4,1,https://diviexchange.z6.web.core.windows.net/laendertabelle1.svg
1593579600,1015,616,399,4,1,https://diviexchange.z6.web.core.windows.net/laendertabelle1.svg
1593583200,1017,622,395,4,1,https://diviexchange.z6.web.core.windows.net/laendertabelle1.svg
1593586800,1016,615,401,4,1,https://diviexchange.z6.web.core.windows.net/laendertabelle1.svg
1593590400,1016,617,399,4,1,https://diviexchange.z6.web.core.windows.net/laendertabelle1.svg
1593662400,1016,618,398,4,1,https://diviexchange.z6.web.core.windows.net/laendertabelle1.svg
1593666000,1015,612,403,4,1,https://diviexchange.z6.web.core.windows.net/laendertabelle1.svg
1593669600,1010,620,390,4,1,https://diviexchange.z6.web.core.windows.net/laendertabelle1.svg
1593673200,1010,618,392,4,1,https://diviexchange.z6.web.core.windows.net/laendertabelle1.svg
1593676800,1010,623,387,4,1,https://diviexchange.z6.web.core.windows.net/laendertabelle1.svg
1593680400,1012,630,382,4,1,https://diviexchange.z6.web.core.windows.net/laendertabelle1.svg
1593748800,1011,630,381,3,1,https://diviexchange.z6.web.core.windows.net/laendertabelle1.svg
1593752400,1011,628,383,3,1,https://diviexchange.z6.web.core.windows.net/laendertabelle1.svg
1593756000,1007,620,387,3,1,https://diviexchange.z6.web.core.windows.net/laendertabelle1.svg
1593759600,1001,622,379,3,1,https://diviexchange.z6.web.core.windows.net/laendertabelle1.svg
1593835200,1001,623,378,3,1,https://diviexchange.z6.web.core.windows.net/laendertabelle1.svg
1593838800,1001,620,381,3,1,https://diviexchange.z6.web.core.windows.net/laendertabelle1.svg
1593842400,1001,621,380,3,1,https://diviexchange.z6.web.core.windows.net/laendertabelle1.svg
1593846000,1003,620,383,3,1,https://diviexchange.z6.web.core.windows.net/laendertabelle1.svg
1593849600,1001,630,371,3,1,https://diviexchange.z6.web.core.windows.net/laendertabelle1.svg
1593853200,1001,631,370,3,1,https://diviexchange.z6.web.core.windows.net/laendertabelle1.svg
1593856800,1001,620,381,3,1,https://diviexchange.z6.web.core.windows.net/laendertabelle1.svg
1593903600,1001,615,386,3,1,https://diviexchange.z6.web.core.windows.net/laendertabelle1.svg
1593928800,1002,607,395,3,1,https://diviexchange.z6.web.core.windows.net/laendertabelle1.svg
1593932400,1000,611,389,3,1,https://diviexchange.z6.web.core.windows.net/laendertabelle1.svg
1593936000,1004,588,416,3,1,https://diviexchange.z6.web.core.windows.net/laendertabelle1.svg
1593939600,1004,587,417,3,1,https://diviexchange.z6.web.core.windows.net/laendertabelle1.svg
1593943200,1004,585,419,3,1,https://diviexchange.z6.web.core.windows.net/laendertabelle1.svg
1593972000,1002,584,418,3,1,https://diviexchange.z6.web.core.windows.net/laendertabelle1.svg
1594008000,998,581,417,3,1,https://diviexchange.z6.web.core.windows.net/laendertabelle1.svg
1594011600,996,584,412,3,1,https://diviexchange.z6.web.core.windows.net/laendertabelle1.svg
1594015200,997,584,413,3,1,https://diviexchange.z6.web.core.windows.net/laendertabelle1.svg
1594018800,999,585,414,3,1,https://diviexchange.z6.web.core.windows.net/laendertabelle1.svg
1594022400,1001,589,412,3,1,https://diviexchange.z6.web.core.windows.net/laendertabelle1.svg
1594029600,1001,588,413,3,1,https://diviexchange.z6.web.core.windows.net/laendertabelle1.svg
1594054800,1001,588,413,4,1,https://diviexchange.z6.web.core.windows.net/laendertabelle1.svg
1594072800,1001,591,410,4,1,https://diviexchange.z6.web.core.windows.net/laendertabelle1.svg
1594094400,1005,595,410,4,1,https://diviexchange.z6.web.core.windows.net/laendertabelle1.svg
1594101600,1004,606,398,4,1,https://diviexchange.z6.web.core.windows.net/laendertabelle1.svg
1594105200,1004,607,397,5,1,https://diviexchange.z6.web.core.windows.net/laendertabelle1.svg
1594108800,1004,608,396,5,1,https://diviexchange.z6.web.core.windows.net/laendertabelle1.svg
1594116000,1004,603,401,5,1,https://diviexchange.z6.web.core.windows.net/laendertabelle1.svg
1594180800,1004,606,398,5,1,https://diviexchange.z6.web.core.windows.net/laendertabelle1.svg
1594184400,1004,604,400,5,1,https://diviexchange.z6.web.core.windows.net/laendertabelle1.svg
1594188000,1004,606,398,5,1,https://diviexchange.z6.web.core.windows.net/laendertabelle1.svg
1594191600,1005,611,394,5,1,https://diviexchange.z6.web.core.windows.net/laendertabelle1.svg
1594195200,1005,609,396,5,1,https://diviexchange.z6.web.core.windows.net/laendertabelle1.svg
1594206000,1005,605,400,5,1,https://diviexchange.z6.web.core.windows.net/laendertabelle1.svg
1594270800,1007,612,395,5,1,https://diviexchange.z6.web.core.windows.net/laendertabelle1.svg
1594274400,1007,622,385,5,1,https://diviexchange.z6.web.core.windows.net/laendertabelle1.svg
1594278000,1007,636,371,5,1,https://diviexchange.z6.web.core.windows.net/laendertabelle1.svg
1594281600,1007,638,369,5,1,https://diviexchange.z6.web.core.windows.net/laendertabelle1.svg
1594288800,1008,632,376,5,1,https://diviexchange.z6.web.core.windows.net/laendertabelle1.svg
1594303200,1008,631,377,5,1,https://diviexchange.z6.web.core.windows.net/laendertabelle1.svg
1594317600,992,617,375,5,1,https://diviexchange.z6.web.core.windows.net/laendertabelle1.svg
1594328400,1008,626,382,5,1,https://diviexchange.z6.web.core.windows.net/laendertabelle1.svg
1594339200,1008,628,380,5,1,https://diviexchange.z6.web.core.windows.net/laendertabelle1.svg
1594357200,1005,642,363,5,1,https://diviexchange.z6.web.core.windows.net/laendertabelle1.svg
1594360800,1006,639,367,5,1,https://diviexchange.z6.web.core.windows.net/laendertabelle1.svg
1594368000,1005,632,373,5,1,https://diviexchange.z6.web.core.windows.net/laendertabelle1.svg
1594371600,1004,628,376,5,1,https://diviexchange.z6.web.core.windows.net/laendertabelle1.svg
1594378800,1004,632,372,5,1,https://diviexchange.z6.web.core.windows.net/laendertabelle1.svg
1594440000,1004,629,375,5,1,https://diviexchange.z6.web.core.windows.net/laendertabelle1.svg
1594443600,1004,628,376,5,1,https://diviexchange.z6.web.core.windows.net/laendertabelle1.svg
1594447200,1004,623,381,5,1,https://diviexchange.z6.web.core.windows.net/laendertabelle1.svg
1594450800,1001,609,392,4,1,https://diviexchange.z6.web.core.windows.net/laendertabelle1.svg
1594454400,1001,606,395,4,1,https://diviexchange.z6.web.core.windows.net/laendertabelle1.svg
1594458000,999,606,393,4,1,https://diviexchange.z6.web.core.windows.net/laendertabelle1.svg
1594461600,1000,602,398,4,1,https://diviexchange.z6.web.core.windows.net/laendertabelle1.svg
1594530000,1000,600,400,4,1,https://diviexchange.z6.web.core.windows.net/laendertabelle1.svg
1594533600,991,581,410,4,1,https://diviexchange.z6.web.core.windows.net/laendertabelle1.svg
1594537200,1002,592,410,4,1,https://diviexchange.z6.web.core.windows.net/laendertabelle1.svg
1594540800,1004,596,408,4,1,https://diviexchange.z6.web.core.windows.net/laendertabelle1.svg
1594544400,1005,591,414,4,1,https://diviexchange.z6.web.core.windows.net/laendertabelle1.svg
1594548000,1005,590,415,4,1,https://diviexchange.z6.web.core.windows.net/laendertabelle1.svg
1594594800,997,584,413,4,1,https://diviexchange.z6.web.core.windows.net/laendertabelle1.svg
1594612800,997,583,414,4,1,https://diviexchange.z6.web.core.windows.net/laendertabelle1.svg
1594616400,995,592,403,4,1,https://diviexchange.z6.web.core.windows.net/laendertabelle1.svg
1594620000,1001,592,409,4,1,https://diviexchange.z6.web.core.windows.net/laendertabelle1.svg
1594623600,996,592,404,4,1,https://diviexchange.z6.web.core.windows.net/laendertabelle1.svg
1594674000,984,585,399,4,1,https://diviexchange.z6.web.core.windows.net/laendertabelle1.svg
1594702800,984,598,386,4,1,https://diviexchange.z6.web.core.windows.net/laendertabelle1.svg
1594706400,983,606,377,4,1,https://diviexchange.z6.web.core.windows.net/laendertabelle1.svg
1594710000,984,609,375,4,1,https://diviexchange.z6.web.core.windows.net/laendertabelle1.svg
1594713600,984,608,376,4,1,https://diviexchange.z6.web.core.windows.net/laendertabelle1.svg
1594717200,983,615,368,4,1,https://diviexchange.z6.web.core.windows.net/laendertabelle1.svg
1594720800,983,622,361,4,1,https://diviexchange.z6.web.core.windows.net/laendertabelle1.svg
1594728000,981,623,358,4,1,https://diviexchange.z6.web.core.windows.net/laendertabelle1.svg
1594731600,993,631,362,4,1,https://diviexchange.z6.web.core.windows.net/laendertabelle1.svg
1594749600,987,628,359,4,1,https://diviexchange.z6.web.core.windows.net/laendertabelle1.svg
1594760400,993,634,359,4,1,https://diviexchange.z6.web.core.windows.net/laendertabelle1.svg
1594789200,1000,636,364,4,1,https://diviexchange.z6.web.core.windows.net/laendertabelle1.svg
1594792800,1000,635,365,4,1,https://diviexchange.z6.web.core.windows.net/laendertabelle1.svg
1594796400,1000,639,361,4,1,https://diviexchange.z6.web.core.windows.net/laendertabelle1.svg
1594800000,1000,635,365,4,1,https://diviexchange.z6.web.core.windows.net/laendertabelle1.svg
1594803600,1000,633,367,4,1,https://diviexchange.z6.web.core.windows.net/laendertabelle1.svg
1594807200,1000,637,363,4,1,https://diviexchange.z6.web.core.windows.net/laendertabelle1.svg
1594821600,1000,636,364,4,1,https://diviexchange.z6.web.core.windows.net/laendertabelle1.svg
1594854000,998,633,365,4,1,https://diviexchange.z6.web.core.windows.net/laendertabelle1.svg
1594875600,998,644,354,4,1,https://diviexchange.z6.web.core.windows.net/laendertabelle1.svg
1594879200,999,638,361,4,1,https://diviexchange.z6.web.core.windows.net/laendertabelle1.svg
1594882800,997,645,352,4,1,https://diviexchange.z6.web.core.windows.net/laendertabelle1.svg
1594886400,996,639,357,4,1,https://diviexchange.z6.web.core.windows.net/laendertabelle1.svg
1594893600,996,642,354,4,1,https://diviexchange.z6.web.core.windows.net/laendertabelle1.svg
1594900800,994,640,354,4,1,https://diviexchange.z6.web.core.windows.net/laendertabelle1.svg
1594929600,994,639,355,4,1,https://diviexchange.z6.web.core.windows.net/laendertabelle1.svg
1594940400,994,638,356,4,1,https://diviexchange.z6.web.core.windows.net/laendertabelle1.svg
1594958400,994,640,354,4,1,https://diviexchange.z6.web.core.windows.net/laendertabelle1.svg
1594962000,991,639,352,4,1,https://diviexchange.z6.web.core.windows.net/laendertabelle1.svg
1594965600,995,640,355,4,1,https://diviexchange.z6.web.core.windows.net/laendertabelle1.svg
1594969200,995,642,353,4,1,https://diviexchange.z6.web.core.windows.net/laendertabelle1.svg
1594972800,995,637,358,4,1,https://diviexchange.z6.web.core.windows.net/laendertabelle1.svg
1594976400,995,631,364,4,1,https://diviexchange.z6.web.core.windows.net/laendertabelle1.svg
1595048400,995,629,366,4,1,https://diviexchange.z6.web.core.windows.net/laendertabelle1.svg
1595052000,996,621,375,4,1,https://diviexchange.z6.web.core.windows.net/laendertabelle1.svg
1595055600,994,611,383,4,1,https://diviexchange.z6.web.core.windows.net/laendertabelle1.svg
1595062800,994,605,389,4,1,https://diviexchange.z6.web.core.windows.net/laendertabelle1.svg
1595066400,1005,602,403,4,1,https://diviexchange.z6.web.core.windows.net/laendertabelle1.svg
1595095200,1005,599,406,4,1,https://diviexchange.z6.web.core.windows.net/laendertabelle1.svg
1595134800,1005,597,408,4,1,https://diviexchange.z6.web.core.windows.net/laendertabelle1.svg
1595138400,1005,596,409,4,1,https://diviexchange.z6.web.core.windows.net/laendertabelle1.svg
1595142000,1005,582,423,2,1,https://diviexchange.z6.web.core.windows.net/laendertabelle1.svg
1595145600,1005,583,422,2,1,https://diviexchange.z6.web.core.windows.net/laendertabelle1.svg
1595149200,1005,584,421,2,1,https://diviexchange.z6.web.core.windows.net/laendertabelle1.svg
1595152800,1005,583,422,2,1,https://diviexchange.z6.web.core.windows.net/laendertabelle1.svg
1595156400,1005,589,416,2,1,https://diviexchange.z6.web.core.windows.net/laendertabelle1.svg
1595170800,1005,591,414,2,1,https://diviexchange.z6.web.core.windows.net/laendertabelle1.svg
1595174400,1006,593,413,2,1,https://diviexchange.z6.web.core.windows.net/laendertabelle1.svg
1595221200,993,599,394,2,1,https://diviexchange.z6.web.core.windows.net/laendertabelle1.svg
1595224800,1005,601,404,2,1,https://diviexchange.z6.web.core.windows.net/laendertabelle1.svg
1595228400,1016,607,409,2,1,https://diviexchange.z6.web.core.windows.net/laendertabelle1.svg
1595232000,1016,608,408,2,1,https://diviexchange.z6.web.core.windows.net/laendertabelle1.svg
1595235600,1018,610,408,2,1,https://diviexchange.z6.web.core.windows.net/laendertabelle1.svg
1595239200,1019,615,404,2,1,https://diviexchange.z6.web.core.windows.net/laendertabelle1.svg
1595286000,1013,609,404,2,1,https://diviexchange.z6.web.core.windows.net/laendertabelle1.svg
1595307600,1005,623,382,2,1,https://diviexchange.z6.web.core.windows.net/laendertabelle1.svg
1595311200,1018,628,390,2,1,https://diviexchange.z6.web.core.windows.net/laendertabelle1.svg
1595314800,1051,673,378,2,1,https://diviexchange.z6.web.core.windows.net/laendertabelle1.svg
1595318400,1051,675,376,2,1,https://diviexchange.z6.web.core.windows.net/laendertabelle1.svg
1595322000,1051,672,379,2,1,https://diviexchange.z6.web.core.windows.net/laendertabelle1.svg
1595329200,1048,671,377,2,1,https://diviexchange.z6.web.core.windows.net/laendertabelle1.svg
1595394000,1034,673,361,2,1,https://diviexchange.z6.web.core.windows.net/laendertabelle1.svg
1595397600,1049,672,377,2,1,https://diviexchange.z6.web.core.windows.net/laendertabelle1.svg
1595401200,1050,670,380,2,1,https://diviexchange.z6.web.core.windows.net/laendertabelle1.svg
1595404800,1050,669,381,2,1,https://diviexchange.z6.web.core.windows.net/laendertabelle1.svg
1595408400,1051,668,383,2,1,https://diviexchange.z6.web.core.windows.net/laendertabelle1.svg
1595412000,1051,654,397,2,1,https://diviexchange.z6.web.core.windows.net/laendertabelle1.svg
1595419200,1043,654,389,2,1,https://diviexchange.z6.web.core.windows.net/laendertabelle1.svg
1595422800,1043,656,387,2,1,https://diviexchange.z6.web.core.windows.net/laendertabelle1.svg
1595480400,1053,642,411,2,1,https://diviexchange.z6.web.core.windows.net/laendertabelle1.svg
1595484000,1052,641,411,2,1,https://diviexchange.z6.web.core.windows.net/laendertabelle1.svg
1595487600,1047,635,412,2,1,https://diviexchange.z6.web.core.windows.net/laendertabelle1.svg
1595491200,1046,641,405,2,1,https://diviexchange.z6.web.core.windows.net/laendertabelle1.svg
1595502000,1044,639,405,2,1,https://diviexchange.z6.web.core.windows.net/laendertabelle1.svg
1595512800,1042,639,403,2,1,https://diviexchange.z6.web.core.windows.net/laendertabelle1.svg
1595566800,1042,644,398,2,1,https://diviexchange.z6.web.core.windows.net/laendertabelle1.svg
1595570400,1041,656,385,2,1,https://diviexchange.z6.web.core.windows.net/laendertabelle1.svg
1595574000,1041,659,382,2,1,https://diviexchange.z6.web.core.windows.net/laendertabelle1.svg
1595577600,1043,645,398,2,1,https://diviexchange.z6.web.core.windows.net/laendertabelle1.svg
