Meldedatum,Landkreis,SummeFall,SummeGenesen,SummeTodesfall,AnzahlFall,AnzahlGenesen,AnzahlTodesfall
1580169600,LK Altenburger Land,0,0,0,0,0,0
1580256000,LK Altenburger Land,0,0,0,0,0,0
1580342400,LK Altenburger Land,0,0,0,0,0,0
1580428800,LK Altenburger Land,0,0,0,0,0,0
1580515200,LK Altenburger Land,0,0,0,0,0,0
1580601600,LK Altenburger Land,0,0,0,0,0,0
1580688000,LK Altenburger Land,0,0,0,0,0,0
1580774400,LK Altenburger Land,0,0,0,0,0,0
1580860800,LK Altenburger Land,0,0,0,0,0,0
1580947200,LK Altenburger Land,0,0,0,0,0,0
1581033600,LK Altenburger Land,0,0,0,0,0,0
1581120000,LK Altenburger Land,0,0,0,0,0,0
1581206400,LK Altenburger Land,0,0,0,0,0,0
1581292800,LK Altenburger Land,0,0,0,0,0,0
1581379200,LK Altenburger Land,0,0,0,0,0,0
1581465600,LK Altenburger Land,0,0,0,0,0,0
1581552000,LK Altenburger Land,0,0,0,0,0,0
1581638400,LK Altenburger Land,0,0,0,0,0,0
1581724800,LK Altenburger Land,0,0,0,0,0,0
1581811200,LK Altenburger Land,0,0,0,0,0,0
1581897600,LK Altenburger Land,0,0,0,0,0,0
1581984000,LK Altenburger Land,0,0,0,0,0,0
1582070400,LK Altenburger Land,0,0,0,0,0,0
1582156800,LK Altenburger Land,0,0,0,0,0,0
1582243200,LK Altenburger Land,0,0,0,0,0,0
1582329600,LK Altenburger Land,0,0,0,0,0,0
1582416000,LK Altenburger Land,0,0,0,0,0,0
1582502400,LK Altenburger Land,0,0,0,0,0,0
1582588800,LK Altenburger Land,0,0,0,0,0,0
1582675200,LK Altenburger Land,0,0,0,0,0,0
1582761600,LK Altenburger Land,0,0,0,0,0,0
1582848000,LK Altenburger Land,0,0,0,0,0,0
1582934400,LK Altenburger Land,0,0,0,0,0,0
1583020800,LK Altenburger Land,0,0,0,0,0,0
1583107200,LK Altenburger Land,0,0,0,0,0,0
1583193600,LK Altenburger Land,0,0,0,0,0,0
1583280000,LK Altenburger Land,0,0,0,0,0,0
1583366400,LK Altenburger Land,0,0,0,0,0,0
1583452800,LK Altenburger Land,0,0,0,0,0,0
1583539200,LK Altenburger Land,0,0,0,0,0,0
1583625600,LK Altenburger Land,0,0,0,0,0,0
1583712000,LK Altenburger Land,0,0,0,0,0,0
1583798400,LK Altenburger Land,0,0,0,0,0,0
1583884800,LK Altenburger Land,0,0,0,0,0,0
1583971200,LK Altenburger Land,0,0,0,0,0,0
1584057600,LK Altenburger Land,2,2,0,2,2,0
1584144000,LK Altenburger Land,2,2,0,0,0,0
1584230400,LK Altenburger Land,2,2,0,0,0,0
1584316800,LK Altenburger Land,3,3,0,1,1,0
1584403200,LK Altenburger Land,5,5,0,2,2,0
1584489600,LK Altenburger Land,5,5,0,0,0,0
1584576000,LK Altenburger Land,5,5,0,0,0,0
1584662400,LK Altenburger Land,5,5,0,0,0,0
1584748800,LK Altenburger Land,7,7,0,2,2,0
1584835200,LK Altenburger Land,8,8,0,1,1,0
1584921600,LK Altenburger Land,8,8,0,0,0,0
1585008000,LK Altenburger Land,16,15,1,8,7,1
1585094400,LK Altenburger Land,17,16,1,1,1,0
1585180800,LK Altenburger Land,17,16,1,0,0,0
1585267200,LK Altenburger Land,19,18,1,2,2,0
1585353600,LK Altenburger Land,20,19,1,1,1,0
1585440000,LK Altenburger Land,20,19,1,0,0,0
1585526400,LK Altenburger Land,20,19,1,0,0,0
1585612800,LK Altenburger Land,24,23,1,4,4,0
1585699200,LK Altenburger Land,28,27,1,4,4,0
1585785600,LK Altenburger Land,30,29,1,2,2,0
1585872000,LK Altenburger Land,30,29,1,0,0,0
1585958400,LK Altenburger Land,30,29,1,0,0,0
1586044800,LK Altenburger Land,31,30,1,1,1,0
1586131200,LK Altenburger Land,31,30,1,0,0,0
1586217600,LK Altenburger Land,33,31,2,2,1,1
1586304000,LK Altenburger Land,33,31,2,0,0,0
1586390400,LK Altenburger Land,34,31,3,1,0,1
1586476800,LK Altenburger Land,36,33,3,2,2,0
1586563200,LK Altenburger Land,36,33,3,0,0,0
1586649600,LK Altenburger Land,36,33,3,0,0,0
1586736000,LK Altenburger Land,36,33,3,0,0,0
1586822400,LK Altenburger Land,37,34,3,1,1,0
1586908800,LK Altenburger Land,38,35,3,1,1,0
1586995200,LK Altenburger Land,41,36,3,3,1,0
1587081600,LK Altenburger Land,41,36,3,0,0,0
1587168000,LK Altenburger Land,41,36,3,0,0,0
1587254400,LK Altenburger Land,41,36,3,0,0,0
1587340800,LK Altenburger Land,44,36,3,3,0,0
1587427200,LK Altenburger Land,45,36,3,1,0,0
1587513600,LK Altenburger Land,46,36,3,1,0,0
1587600000,LK Altenburger Land,47,37,3,1,1,0
1587686400,LK Altenburger Land,47,37,3,0,0,0
1587772800,LK Altenburger Land,47,37,3,0,0,0
1587859200,LK Altenburger Land,47,37,3,0,0,0
1587945600,LK Altenburger Land,48,37,3,1,0,0
1588032000,LK Altenburger Land,50,37,3,2,0,0
1588118400,LK Altenburger Land,51,37,3,1,0,0
1580169600,LK Eichsfeld,0,0,0,0,0,0
1580256000,LK Eichsfeld,0,0,0,0,0,0
1580342400,LK Eichsfeld,0,0,0,0,0,0
1580428800,LK Eichsfeld,0,0,0,0,0,0
1580515200,LK Eichsfeld,0,0,0,0,0,0
1580601600,LK Eichsfeld,0,0,0,0,0,0
1580688000,LK Eichsfeld,0,0,0,0,0,0
1580774400,LK Eichsfeld,0,0,0,0,0,0
1580860800,LK Eichsfeld,0,0,0,0,0,0
1580947200,LK Eichsfeld,0,0,0,0,0,0
1581033600,LK Eichsfeld,0,0,0,0,0,0
1581120000,LK Eichsfeld,0,0,0,0,0,0
1581206400,LK Eichsfeld,0,0,0,0,0,0
1581292800,LK Eichsfeld,0,0,0,0,0,0
1581379200,LK Eichsfeld,0,0,0,0,0,0
1581465600,LK Eichsfeld,0,0,0,0,0,0
1581552000,LK Eichsfeld,0,0,0,0,0,0
1581638400,LK Eichsfeld,0,0,0,0,0,0
1581724800,LK Eichsfeld,0,0,0,0,0,0
1581811200,LK Eichsfeld,0,0,0,0,0,0
1581897600,LK Eichsfeld,0,0,0,0,0,0
1581984000,LK Eichsfeld,0,0,0,0,0,0
1582070400,LK Eichsfeld,0,0,0,0,0,0
1582156800,LK Eichsfeld,0,0,0,0,0,0
1582243200,LK Eichsfeld,0,0,0,0,0,0
1582329600,LK Eichsfeld,0,0,0,0,0,0
1582416000,LK Eichsfeld,0,0,0,0,0,0
1582502400,LK Eichsfeld,0,0,0,0,0,0
1582588800,LK Eichsfeld,0,0,0,0,0,0
1582675200,LK Eichsfeld,0,0,0,0,0,0
1582761600,LK Eichsfeld,0,0,0,0,0,0
1582848000,LK Eichsfeld,0,0,0,0,0,0
1582934400,LK Eichsfeld,0,0,0,0,0,0
1583020800,LK Eichsfeld,0,0,0,0,0,0
1583107200,LK Eichsfeld,0,0,0,0,0,0
1583193600,LK Eichsfeld,0,0,0,0,0,0
1583280000,LK Eichsfeld,0,0,0,0,0,0
1583366400,LK Eichsfeld,0,0,0,0,0,0
1583452800,LK Eichsfeld,0,0,0,0,0,0
1583539200,LK Eichsfeld,0,0,0,0,0,0
1583625600,LK Eichsfeld,0,0,0,0,0,0
1583712000,LK Eichsfeld,0,0,0,0,0,0
1583798400,LK Eichsfeld,0,0,0,0,0,0
1583884800,LK Eichsfeld,0,0,0,0,0,0
1583971200,LK Eichsfeld,0,0,0,0,0,0
1584057600,LK Eichsfeld,1,1,0,1,1,0
1584144000,LK Eichsfeld,2,2,0,1,1,0
1584230400,LK Eichsfeld,3,3,0,1,1,0
1584316800,LK Eichsfeld,3,3,0,0,0,0
1584403200,LK Eichsfeld,3,3,0,0,0,0
1584489600,LK Eichsfeld,3,3,0,0,0,0
1584576000,LK Eichsfeld,4,4,0,1,1,0
1584662400,LK Eichsfeld,8,8,0,4,4,0
1584748800,LK Eichsfeld,18,17,1,10,9,1
1584835200,LK Eichsfeld,19,18,1,1,1,0
1584921600,LK Eichsfeld,20,19,1,1,1,0
1585008000,LK Eichsfeld,30,29,1,10,10,0
1585094400,LK Eichsfeld,37,36,1,7,7,0
1585180800,LK Eichsfeld,40,39,1,3,3,0
1585267200,LK Eichsfeld,44,43,1,4,4,0
1585353600,LK Eichsfeld,49,48,1,5,5,0
1585440000,LK Eichsfeld,51,50,1,2,2,0
1585526400,LK Eichsfeld,52,51,1,1,1,0
1585612800,LK Eichsfeld,57,56,1,5,5,0
1585699200,LK Eichsfeld,61,60,1,4,4,0
1585785600,LK Eichsfeld,64,63,1,3,3,0
1585872000,LK Eichsfeld,66,65,1,2,2,0
1585958400,LK Eichsfeld,70,69,1,4,4,0
1586044800,LK Eichsfeld,70,69,1,0,0,0
1586131200,LK Eichsfeld,71,70,1,1,1,0
1586217600,LK Eichsfeld,75,72,2,4,2,1
1586304000,LK Eichsfeld,79,76,2,4,4,0
1586390400,LK Eichsfeld,85,81,2,6,5,0
1586476800,LK Eichsfeld,89,84,3,4,3,1
1586563200,LK Eichsfeld,89,84,3,0,0,0
1586649600,LK Eichsfeld,89,84,3,0,0,0
1586736000,LK Eichsfeld,93,88,3,4,4,0
1586822400,LK Eichsfeld,96,91,3,3,3,0
1586908800,LK Eichsfeld,99,94,3,3,3,0
1586995200,LK Eichsfeld,104,99,3,5,5,0
1587081600,LK Eichsfeld,106,101,3,2,2,0
1587168000,LK Eichsfeld,108,102,3,2,1,0
1587254400,LK Eichsfeld,108,102,3,0,0,0
1587340800,LK Eichsfeld,108,102,3,0,0,0
1587427200,LK Eichsfeld,108,102,3,0,0,0
1587513600,LK Eichsfeld,112,103,3,4,1,0
1587600000,LK Eichsfeld,114,104,3,2,1,0
1587686400,LK Eichsfeld,114,104,3,0,0,0
1587772800,LK Eichsfeld,115,104,3,1,0,0
1587859200,LK Eichsfeld,116,105,3,1,1,0
1587945600,LK Eichsfeld,116,105,3,0,0,0
1588032000,LK Eichsfeld,126,105,3,10,0,0
1588118400,LK Eichsfeld,129,105,3,3,0,0
1580169600,LK Gotha,0,0,0,0,0,0
1580256000,LK Gotha,0,0,0,0,0,0
1580342400,LK Gotha,0,0,0,0,0,0
1580428800,LK Gotha,0,0,0,0,0,0
1580515200,LK Gotha,0,0,0,0,0,0
1580601600,LK Gotha,0,0,0,0,0,0
1580688000,LK Gotha,0,0,0,0,0,0
1580774400,LK Gotha,0,0,0,0,0,0
1580860800,LK Gotha,0,0,0,0,0,0
1580947200,LK Gotha,0,0,0,0,0,0
1581033600,LK Gotha,0,0,0,0,0,0
1581120000,LK Gotha,0,0,0,0,0,0
1581206400,LK Gotha,0,0,0,0,0,0
1581292800,LK Gotha,0,0,0,0,0,0
1581379200,LK Gotha,0,0,0,0,0,0
1581465600,LK Gotha,0,0,0,0,0,0
1581552000,LK Gotha,0,0,0,0,0,0
1581638400,LK Gotha,0,0,0,0,0,0
1581724800,LK Gotha,0,0,0,0,0,0
1581811200,LK Gotha,0,0,0,0,0,0
1581897600,LK Gotha,0,0,0,0,0,0
1581984000,LK Gotha,0,0,0,0,0,0
1582070400,LK Gotha,0,0,0,0,0,0
1582156800,LK Gotha,0,0,0,0,0,0
1582243200,LK Gotha,0,0,0,0,0,0
1582329600,LK Gotha,0,0,0,0,0,0
1582416000,LK Gotha,0,0,0,0,0,0
1582502400,LK Gotha,0,0,0,0,0,0
1582588800,LK Gotha,0,0,0,0,0,0
1582675200,LK Gotha,0,0,0,0,0,0
1582761600,LK Gotha,0,0,0,0,0,0
1582848000,LK Gotha,0,0,0,0,0,0
1582934400,LK Gotha,0,0,0,0,0,0
1583020800,LK Gotha,0,0,0,0,0,0
1583107200,LK Gotha,0,0,0,0,0,0
1583193600,LK Gotha,0,0,0,0,0,0
1583280000,LK Gotha,0,0,0,0,0,0
1583366400,LK Gotha,0,0,0,0,0,0
1583452800,LK Gotha,0,0,0,0,0,0
1583539200,LK Gotha,0,0,0,0,0,0
1583625600,LK Gotha,0,0,0,0,0,0
1583712000,LK Gotha,0,0,0,0,0,0
1583798400,LK Gotha,0,0,0,0,0,0
1583884800,LK Gotha,0,0,0,0,0,0
1583971200,LK Gotha,0,0,0,0,0,0
1584057600,LK Gotha,0,0,0,0,0,0
1584144000,LK Gotha,1,1,0,1,1,0
1584230400,LK Gotha,1,1,0,0,0,0
1584316800,LK Gotha,1,1,0,0,0,0
1584403200,LK Gotha,1,1,0,0,0,0
1584489600,LK Gotha,1,1,0,0,0,0
1584576000,LK Gotha,4,4,0,3,3,0
1584662400,LK Gotha,9,9,0,5,5,0
1584748800,LK Gotha,9,9,0,0,0,0
1584835200,LK Gotha,9,9,0,0,0,0
1584921600,LK Gotha,15,15,0,6,6,0
1585008000,LK Gotha,17,17,0,2,2,0
1585094400,LK Gotha,17,17,0,0,0,0
1585180800,LK Gotha,20,19,1,3,2,1
1585267200,LK Gotha,21,20,1,1,1,0
1585353600,LK Gotha,21,20,1,0,0,0
1585440000,LK Gotha,22,21,1,1,1,0
1585526400,LK Gotha,23,22,1,1,1,0
1585612800,LK Gotha,27,26,1,4,4,0
1585699200,LK Gotha,28,27,1,1,1,0
1585785600,LK Gotha,34,32,2,6,5,1
1585872000,LK Gotha,35,33,2,1,1,0
1585958400,LK Gotha,36,34,2,1,1,0
1586044800,LK Gotha,36,34,2,0,0,0
1586131200,LK Gotha,40,37,2,4,3,0
1586217600,LK Gotha,47,43,3,7,6,1
1586304000,LK Gotha,55,51,3,8,8,0
1586390400,LK Gotha,58,54,3,3,3,0
1586476800,LK Gotha,63,56,5,5,2,2
1586563200,LK Gotha,71,60,6,8,4,1
1586649600,LK Gotha,74,63,6,3,3,0
1586736000,LK Gotha,84,69,6,10,6,0
1586822400,LK Gotha,89,71,7,5,2,1
1586908800,LK Gotha,98,80,7,9,9,0
1586995200,LK Gotha,108,89,7,10,9,0
1587081600,LK Gotha,116,91,7,8,2,0
1587168000,LK Gotha,127,96,8,11,5,1
1587254400,LK Gotha,128,97,8,1,1,0
1587340800,LK Gotha,132,98,9,4,1,1
1587427200,LK Gotha,148,100,10,16,2,1
1587513600,LK Gotha,162,103,10,14,3,0
1587600000,LK Gotha,169,104,10,7,1,0
1587686400,LK Gotha,181,104,10,12,0,0
1587772800,LK Gotha,183,104,10,2,0,0
1587859200,LK Gotha,190,104,11,7,0,1
1587945600,LK Gotha,196,104,11,6,0,0
1588032000,LK Gotha,215,105,11,19,1,0
1588118400,LK Gotha,220,106,11,5,1,0
1580169600,LK Greiz,0,0,0,0,0,0
1580256000,LK Greiz,0,0,0,0,0,0
1580342400,LK Greiz,0,0,0,0,0,0
1580428800,LK Greiz,0,0,0,0,0,0
1580515200,LK Greiz,0,0,0,0,0,0
1580601600,LK Greiz,0,0,0,0,0,0
1580688000,LK Greiz,0,0,0,0,0,0
1580774400,LK Greiz,0,0,0,0,0,0
1580860800,LK Greiz,0,0,0,0,0,0
1580947200,LK Greiz,0,0,0,0,0,0
1581033600,LK Greiz,0,0,0,0,0,0
1581120000,LK Greiz,0,0,0,0,0,0
1581206400,LK Greiz,0,0,0,0,0,0
1581292800,LK Greiz,0,0,0,0,0,0
1581379200,LK Greiz,0,0,0,0,0,0
1581465600,LK Greiz,0,0,0,0,0,0
1581552000,LK Greiz,0,0,0,0,0,0
1581638400,LK Greiz,0,0,0,0,0,0
1581724800,LK Greiz,0,0,0,0,0,0
1581811200,LK Greiz,0,0,0,0,0,0
1581897600,LK Greiz,0,0,0,0,0,0
1581984000,LK Greiz,0,0,0,0,0,0
1582070400,LK Greiz,0,0,0,0,0,0
1582156800,LK Greiz,0,0,0,0,0,0
1582243200,LK Greiz,0,0,0,0,0,0
1582329600,LK Greiz,0,0,0,0,0,0
1582416000,LK Greiz,0,0,0,0,0,0
1582502400,LK Greiz,0,0,0,0,0,0
1582588800,LK Greiz,0,0,0,0,0,0
1582675200,LK Greiz,0,0,0,0,0,0
1582761600,LK Greiz,0,0,0,0,0,0
1582848000,LK Greiz,0,0,0,0,0,0
1582934400,LK Greiz,0,0,0,0,0,0
1583020800,LK Greiz,0,0,0,0,0,0
1583107200,LK Greiz,0,0,0,0,0,0
1583193600,LK Greiz,0,0,0,0,0,0
1583280000,LK Greiz,0,0,0,0,0,0
1583366400,LK Greiz,0,0,0,0,0,0
1583452800,LK Greiz,0,0,0,0,0,0
1583539200,LK Greiz,0,0,0,0,0,0
1583625600,LK Greiz,0,0,0,0,0,0
1583712000,LK Greiz,0,0,0,0,0,0
1583798400,LK Greiz,0,0,0,0,0,0
1583884800,LK Greiz,0,0,0,0,0,0
1583971200,LK Greiz,0,0,0,0,0,0
1584057600,LK Greiz,0,0,0,0,0,0
1584144000,LK Greiz,1,1,0,1,1,0
1584230400,LK Greiz,1,1,0,0,0,0
1584316800,LK Greiz,3,3,0,2,2,0
1584403200,LK Greiz,7,7,0,4,4,0
1584489600,LK Greiz,15,15,0,8,8,0
1584576000,LK Greiz,22,22,0,7,7,0
1584662400,LK Greiz,30,30,0,8,8,0
1584748800,LK Greiz,36,36,0,6,6,0
1584835200,LK Greiz,45,45,0,9,9,0
1584921600,LK Greiz,51,50,1,6,5,1
1585008000,LK Greiz,58,57,1,7,7,0
1585094400,LK Greiz,77,73,4,19,16,3
1585180800,LK Greiz,94,89,5,17,16,1
1585267200,LK Greiz,102,97,5,8,8,0
1585353600,LK Greiz,112,107,5,10,10,0
1585440000,LK Greiz,121,115,6,9,8,1
1585526400,LK Greiz,123,116,7,2,1,1
1585612800,LK Greiz,134,126,8,11,10,1
1585699200,LK Greiz,145,137,8,11,11,0
1585785600,LK Greiz,157,148,9,12,11,1
1585872000,LK Greiz,166,156,10,9,8,1
1585958400,LK Greiz,173,160,11,7,4,1
1586044800,LK Greiz,185,170,11,12,10,0
1586131200,LK Greiz,192,176,12,7,6,1
1586217600,LK Greiz,205,186,13,13,10,1
1586304000,LK Greiz,212,192,13,7,6,0
1586390400,LK Greiz,225,204,13,13,12,0
1586476800,LK Greiz,230,208,14,5,4,1
1586563200,LK Greiz,233,208,16,3,0,2
1586649600,LK Greiz,242,216,17,9,8,1
1586736000,LK Greiz,243,216,18,1,0,1
1586822400,LK Greiz,251,222,19,8,6,1
1586908800,LK Greiz,253,223,20,2,1,1
1586995200,LK Greiz,285,249,21,32,26,1
1587081600,LK Greiz,292,255,21,7,6,0
1587168000,LK Greiz,302,260,23,10,5,2
1587254400,LK Greiz,310,267,23,8,7,0
1587340800,LK Greiz,316,269,23,6,2,0
1587427200,LK Greiz,335,270,24,19,1,1
1587513600,LK Greiz,343,270,25,8,0,1
1587600000,LK Greiz,364,274,26,21,4,1
1587686400,LK Greiz,377,274,27,13,0,1
1587772800,LK Greiz,389,275,27,12,1,0
1587859200,LK Greiz,396,276,27,7,1,0
1587945600,LK Greiz,403,276,27,7,0,0
1588032000,LK Greiz,414,279,27,11,3,0
1588118400,LK Greiz,424,279,27,10,0,0
1580169600,LK Hildburghausen,0,0,0,0,0,0
1580256000,LK Hildburghausen,0,0,0,0,0,0
1580342400,LK Hildburghausen,0,0,0,0,0,0
1580428800,LK Hildburghausen,0,0,0,0,0,0
1580515200,LK Hildburghausen,0,0,0,0,0,0
1580601600,LK Hildburghausen,0,0,0,0,0,0
1580688000,LK Hildburghausen,0,0,0,0,0,0
1580774400,LK Hildburghausen,0,0,0,0,0,0
1580860800,LK Hildburghausen,0,0,0,0,0,0
1580947200,LK Hildburghausen,0,0,0,0,0,0
1581033600,LK Hildburghausen,0,0,0,0,0,0
1581120000,LK Hildburghausen,0,0,0,0,0,0
1581206400,LK Hildburghausen,0,0,0,0,0,0
1581292800,LK Hildburghausen,0,0,0,0,0,0
1581379200,LK Hildburghausen,0,0,0,0,0,0
1581465600,LK Hildburghausen,0,0,0,0,0,0
1581552000,LK Hildburghausen,0,0,0,0,0,0
1581638400,LK Hildburghausen,0,0,0,0,0,0
1581724800,LK Hildburghausen,0,0,0,0,0,0
1581811200,LK Hildburghausen,0,0,0,0,0,0
1581897600,LK Hildburghausen,0,0,0,0,0,0
1581984000,LK Hildburghausen,0,0,0,0,0,0
1582070400,LK Hildburghausen,0,0,0,0,0,0
1582156800,LK Hildburghausen,0,0,0,0,0,0
1582243200,LK Hildburghausen,0,0,0,0,0,0
1582329600,LK Hildburghausen,0,0,0,0,0,0
1582416000,LK Hildburghausen,0,0,0,0,0,0
1582502400,LK Hildburghausen,0,0,0,0,0,0
1582588800,LK Hildburghausen,0,0,0,0,0,0
1582675200,LK Hildburghausen,0,0,0,0,0,0
1582761600,LK Hildburghausen,0,0,0,0,0,0
1582848000,LK Hildburghausen,0,0,0,0,0,0
1582934400,LK Hildburghausen,0,0,0,0,0,0
1583020800,LK Hildburghausen,0,0,0,0,0,0
1583107200,LK Hildburghausen,0,0,0,0,0,0
1583193600,LK Hildburghausen,0,0,0,0,0,0
1583280000,LK Hildburghausen,0,0,0,0,0,0
1583366400,LK Hildburghausen,0,0,0,0,0,0
1583452800,LK Hildburghausen,0,0,0,0,0,0
1583539200,LK Hildburghausen,0,0,0,0,0,0
1583625600,LK Hildburghausen,0,0,0,0,0,0
1583712000,LK Hildburghausen,0,0,0,0,0,0
1583798400,LK Hildburghausen,0,0,0,0,0,0
1583884800,LK Hildburghausen,0,0,0,0,0,0
1583971200,LK Hildburghausen,0,0,0,0,0,0
1584057600,LK Hildburghausen,0,0,0,0,0,0
1584144000,LK Hildburghausen,0,0,0,0,0,0
1584230400,LK Hildburghausen,0,0,0,0,0,0
1584316800,LK Hildburghausen,0,0,0,0,0,0
1584403200,LK Hildburghausen,0,0,0,0,0,0
1584489600,LK Hildburghausen,0,0,0,0,0,0
1584576000,LK Hildburghausen,0,0,0,0,0,0
1584662400,LK Hildburghausen,1,1,0,1,1,0
1584748800,LK Hildburghausen,1,1,0,0,0,0
1584835200,LK Hildburghausen,1,1,0,0,0,0
1584921600,LK Hildburghausen,1,1,0,0,0,0
1585008000,LK Hildburghausen,2,2,0,1,1,0
1585094400,LK Hildburghausen,3,3,0,1,1,0
1585180800,LK Hildburghausen,6,6,0,3,3,0
1585267200,LK Hildburghausen,7,7,0,1,1,0
1585353600,LK Hildburghausen,7,7,0,0,0,0
1585440000,LK Hildburghausen,7,7,0,0,0,0
1585526400,LK Hildburghausen,9,9,0,2,2,0
1585612800,LK Hildburghausen,10,9,1,1,0,1
1585699200,LK Hildburghausen,10,9,1,0,0,0
1585785600,LK Hildburghausen,10,9,1,0,0,0
1585872000,LK Hildburghausen,11,10,1,1,1,0
1585958400,LK Hildburghausen,11,10,1,0,0,0
1586044800,LK Hildburghausen,11,10,1,0,0,0
1586131200,LK Hildburghausen,11,10,1,0,0,0
1586217600,LK Hildburghausen,11,10,1,0,0,0
1586304000,LK Hildburghausen,12,10,1,1,0,0
1586390400,LK Hildburghausen,13,11,1,1,1,0
1586476800,LK Hildburghausen,13,11,1,0,0,0
1586563200,LK Hildburghausen,14,12,1,1,1,0
1586649600,LK Hildburghausen,15,13,1,1,1,0
1586736000,LK Hildburghausen,15,13,1,0,0,0
1586822400,LK Hildburghausen,15,13,1,0,0,0
1586908800,LK Hildburghausen,15,13,1,0,0,0
1586995200,LK Hildburghausen,16,14,1,1,1,0
1587081600,LK Hildburghausen,18,15,1,2,1,0
1587168000,LK Hildburghausen,18,15,1,0,0,0
1587254400,LK Hildburghausen,18,15,1,0,0,0
1587340800,LK Hildburghausen,18,15,1,0,0,0
1587427200,LK Hildburghausen,18,15,1,0,0,0
1587513600,LK Hildburghausen,18,15,1,0,0,0
1587600000,LK Hildburghausen,19,15,1,1,0,0
1587686400,LK Hildburghausen,20,15,1,1,0,0
1587772800,LK Hildburghausen,20,15,1,0,0,0
1587859200,LK Hildburghausen,20,15,1,0,0,0
1587945600,LK Hildburghausen,20,15,1,0,0,0
1588032000,LK Hildburghausen,20,15,1,0,0,0
1588118400,LK Hildburghausen,22,15,1,2,0,0
1580169600,LK Ilm-Kreis,0,0,0,0,0,0
1580256000,LK Ilm-Kreis,0,0,0,0,0,0
1580342400,LK Ilm-Kreis,0,0,0,0,0,0
1580428800,LK Ilm-Kreis,0,0,0,0,0,0
1580515200,LK Ilm-Kreis,0,0,0,0,0,0
1580601600,LK Ilm-Kreis,0,0,0,0,0,0
1580688000,LK Ilm-Kreis,0,0,0,0,0,0
1580774400,LK Ilm-Kreis,0,0,0,0,0,0
1580860800,LK Ilm-Kreis,0,0,0,0,0,0
1580947200,LK Ilm-Kreis,0,0,0,0,0,0
1581033600,LK Ilm-Kreis,0,0,0,0,0,0
1581120000,LK Ilm-Kreis,0,0,0,0,0,0
1581206400,LK Ilm-Kreis,0,0,0,0,0,0
1581292800,LK Ilm-Kreis,0,0,0,0,0,0
1581379200,LK Ilm-Kreis,0,0,0,0,0,0
1581465600,LK Ilm-Kreis,0,0,0,0,0,0
1581552000,LK Ilm-Kreis,0,0,0,0,0,0
1581638400,LK Ilm-Kreis,0,0,0,0,0,0
1581724800,LK Ilm-Kreis,0,0,0,0,0,0
1581811200,LK Ilm-Kreis,0,0,0,0,0,0
1581897600,LK Ilm-Kreis,0,0,0,0,0,0
1581984000,LK Ilm-Kreis,0,0,0,0,0,0
1582070400,LK Ilm-Kreis,0,0,0,0,0,0
1582156800,LK Ilm-Kreis,0,0,0,0,0,0
1582243200,LK Ilm-Kreis,0,0,0,0,0,0
1582329600,LK Ilm-Kreis,0,0,0,0,0,0
1582416000,LK Ilm-Kreis,0,0,0,0,0,0
1582502400,LK Ilm-Kreis,0,0,0,0,0,0
1582588800,LK Ilm-Kreis,0,0,0,0,0,0
1582675200,LK Ilm-Kreis,0,0,0,0,0,0
1582761600,LK Ilm-Kreis,0,0,0,0,0,0
1582848000,LK Ilm-Kreis,0,0,0,0,0,0
1582934400,LK Ilm-Kreis,0,0,0,0,0,0
1583020800,LK Ilm-Kreis,0,0,0,0,0,0
1583107200,LK Ilm-Kreis,0,0,0,0,0,0
1583193600,LK Ilm-Kreis,0,0,0,0,0,0
1583280000,LK Ilm-Kreis,0,0,0,0,0,0
1583366400,LK Ilm-Kreis,0,0,0,0,0,0
1583452800,LK Ilm-Kreis,0,0,0,0,0,0
1583539200,LK Ilm-Kreis,0,0,0,0,0,0
1583625600,LK Ilm-Kreis,0,0,0,0,0,0
1583712000,LK Ilm-Kreis,0,0,0,0,0,0
1583798400,LK Ilm-Kreis,1,1,0,1,1,0
1583884800,LK Ilm-Kreis,1,1,0,0,0,0
1583971200,LK Ilm-Kreis,1,1,0,0,0,0
1584057600,LK Ilm-Kreis,1,1,0,0,0,0
1584144000,LK Ilm-Kreis,1,1,0,0,0,0
1584230400,LK Ilm-Kreis,1,1,0,0,0,0
1584316800,LK Ilm-Kreis,1,1,0,0,0,0
1584403200,LK Ilm-Kreis,2,2,0,1,1,0
1584489600,LK Ilm-Kreis,3,3,0,1,1,0
1584576000,LK Ilm-Kreis,4,4,0,1,1,0
1584662400,LK Ilm-Kreis,8,8,0,4,4,0
1584748800,LK Ilm-Kreis,10,10,0,2,2,0
1584835200,LK Ilm-Kreis,11,10,1,1,0,1
1584921600,LK Ilm-Kreis,13,12,1,2,2,0
1585008000,LK Ilm-Kreis,21,20,1,8,8,0
1585094400,LK Ilm-Kreis,30,29,1,9,9,0
1585180800,LK Ilm-Kreis,39,38,1,9,9,0
1585267200,LK Ilm-Kreis,51,50,1,12,12,0
1585353600,LK Ilm-Kreis,55,54,1,4,4,0
1585440000,LK Ilm-Kreis,55,54,1,0,0,0
1585526400,LK Ilm-Kreis,58,57,1,3,3,0
1585612800,LK Ilm-Kreis,65,63,2,7,6,1
1585699200,LK Ilm-Kreis,65,63,2,0,0,0
1585785600,LK Ilm-Kreis,74,72,2,9,9,0
1585872000,LK Ilm-Kreis,80,78,2,6,6,0
1585958400,LK Ilm-Kreis,93,91,2,13,13,0
1586044800,LK Ilm-Kreis,93,91,2,0,0,0
1586131200,LK Ilm-Kreis,97,94,3,4,3,1
1586217600,LK Ilm-Kreis,98,95,3,1,1,0
1586304000,LK Ilm-Kreis,100,96,3,2,1,0
1586390400,LK Ilm-Kreis,102,97,4,2,1,1
1586476800,LK Ilm-Kreis,102,97,4,0,0,0
1586563200,LK Ilm-Kreis,102,97,4,0,0,0
1586649600,LK Ilm-Kreis,102,97,4,0,0,0
1586736000,LK Ilm-Kreis,103,98,4,1,1,0
1586822400,LK Ilm-Kreis,103,98,4,0,0,0
1586908800,LK Ilm-Kreis,104,99,4,1,1,0
1586995200,LK Ilm-Kreis,107,101,4,3,2,0
1587081600,LK Ilm-Kreis,110,103,4,3,2,0
1587168000,LK Ilm-Kreis,112,103,4,2,0,0
1587254400,LK Ilm-Kreis,112,103,4,0,0,0
1587340800,LK Ilm-Kreis,113,103,4,1,0,0
1587427200,LK Ilm-Kreis,119,105,4,6,2,0
1587513600,LK Ilm-Kreis,120,105,4,1,0,0
1587600000,LK Ilm-Kreis,120,105,4,0,0,0
1587686400,LK Ilm-Kreis,121,105,4,1,0,0
1587772800,LK Ilm-Kreis,121,105,4,0,0,0
1587859200,LK Ilm-Kreis,121,105,4,0,0,0
1587945600,LK Ilm-Kreis,121,105,4,0,0,0
1588032000,LK Ilm-Kreis,121,105,4,0,0,0
1588118400,LK Ilm-Kreis,121,105,4,0,0,0
1580169600,LK Kyffhäuserkreis,0,0,0,0,0,0
1580256000,LK Kyffhäuserkreis,0,0,0,0,0,0
1580342400,LK Kyffhäuserkreis,0,0,0,0,0,0
1580428800,LK Kyffhäuserkreis,0,0,0,0,0,0
1580515200,LK Kyffhäuserkreis,0,0,0,0,0,0
1580601600,LK Kyffhäuserkreis,0,0,0,0,0,0
1580688000,LK Kyffhäuserkreis,0,0,0,0,0,0
1580774400,LK Kyffhäuserkreis,0,0,0,0,0,0
1580860800,LK Kyffhäuserkreis,0,0,0,0,0,0
1580947200,LK Kyffhäuserkreis,0,0,0,0,0,0
1581033600,LK Kyffhäuserkreis,0,0,0,0,0,0
1581120000,LK Kyffhäuserkreis,0,0,0,0,0,0
1581206400,LK Kyffhäuserkreis,0,0,0,0,0,0
1581292800,LK Kyffhäuserkreis,0,0,0,0,0,0
1581379200,LK Kyffhäuserkreis,0,0,0,0,0,0
1581465600,LK Kyffhäuserkreis,0,0,0,0,0,0
1581552000,LK Kyffhäuserkreis,0,0,0,0,0,0
1581638400,LK Kyffhäuserkreis,0,0,0,0,0,0
1581724800,LK Kyffhäuserkreis,0,0,0,0,0,0
1581811200,LK Kyffhäuserkreis,0,0,0,0,0,0
1581897600,LK Kyffhäuserkreis,0,0,0,0,0,0
1581984000,LK Kyffhäuserkreis,0,0,0,0,0,0
1582070400,LK Kyffhäuserkreis,0,0,0,0,0,0
1582156800,LK Kyffhäuserkreis,0,0,0,0,0,0
1582243200,LK Kyffhäuserkreis,0,0,0,0,0,0
1582329600,LK Kyffhäuserkreis,0,0,0,0,0,0
1582416000,LK Kyffhäuserkreis,0,0,0,0,0,0
1582502400,LK Kyffhäuserkreis,0,0,0,0,0,0
1582588800,LK Kyffhäuserkreis,0,0,0,0,0,0
1582675200,LK Kyffhäuserkreis,0,0,0,0,0,0
1582761600,LK Kyffhäuserkreis,0,0,0,0,0,0
1582848000,LK Kyffhäuserkreis,0,0,0,0,0,0
1582934400,LK Kyffhäuserkreis,0,0,0,0,0,0
1583020800,LK Kyffhäuserkreis,0,0,0,0,0,0
1583107200,LK Kyffhäuserkreis,0,0,0,0,0,0
1583193600,LK Kyffhäuserkreis,0,0,0,0,0,0
1583280000,LK Kyffhäuserkreis,0,0,0,0,0,0
1583366400,LK Kyffhäuserkreis,0,0,0,0,0,0
1583452800,LK Kyffhäuserkreis,0,0,0,0,0,0
1583539200,LK Kyffhäuserkreis,0,0,0,0,0,0
1583625600,LK Kyffhäuserkreis,0,0,0,0,0,0
1583712000,LK Kyffhäuserkreis,0,0,0,0,0,0
1583798400,LK Kyffhäuserkreis,2,2,0,2,2,0
1583884800,LK Kyffhäuserkreis,2,2,0,0,0,0
1583971200,LK Kyffhäuserkreis,5,5,0,3,3,0
1584057600,LK Kyffhäuserkreis,6,6,0,1,1,0
1584144000,LK Kyffhäuserkreis,6,6,0,0,0,0
1584230400,LK Kyffhäuserkreis,6,6,0,0,0,0
1584316800,LK Kyffhäuserkreis,7,7,0,1,1,0
1584403200,LK Kyffhäuserkreis,7,7,0,0,0,0
1584489600,LK Kyffhäuserkreis,8,8,0,1,1,0
1584576000,LK Kyffhäuserkreis,10,10,0,2,2,0
1584662400,LK Kyffhäuserkreis,12,12,0,2,2,0
1584748800,LK Kyffhäuserkreis,12,12,0,0,0,0
1584835200,LK Kyffhäuserkreis,12,12,0,0,0,0
1584921600,LK Kyffhäuserkreis,12,12,0,0,0,0
1585008000,LK Kyffhäuserkreis,15,15,0,3,3,0
1585094400,LK Kyffhäuserkreis,17,17,0,2,2,0
1585180800,LK Kyffhäuserkreis,17,17,0,0,0,0
1585267200,LK Kyffhäuserkreis,19,19,0,2,2,0
1585353600,LK Kyffhäuserkreis,19,19,0,0,0,0
1585440000,LK Kyffhäuserkreis,19,19,0,0,0,0
1585526400,LK Kyffhäuserkreis,19,19,0,0,0,0
1585612800,LK Kyffhäuserkreis,23,23,0,4,4,0
1585699200,LK Kyffhäuserkreis,23,23,0,0,0,0
1585785600,LK Kyffhäuserkreis,25,25,0,2,2,0
1585872000,LK Kyffhäuserkreis,27,27,0,2,2,0
1585958400,LK Kyffhäuserkreis,27,27,0,0,0,0
1586044800,LK Kyffhäuserkreis,27,27,0,0,0,0
1586131200,LK Kyffhäuserkreis,27,27,0,0,0,0
1586217600,LK Kyffhäuserkreis,28,28,0,1,1,0
1586304000,LK Kyffhäuserkreis,34,34,0,6,6,0
1586390400,LK Kyffhäuserkreis,35,35,0,1,1,0
1586476800,LK Kyffhäuserkreis,35,35,0,0,0,0
1586563200,LK Kyffhäuserkreis,35,35,0,0,0,0
1586649600,LK Kyffhäuserkreis,35,35,0,0,0,0
1586736000,LK Kyffhäuserkreis,35,35,0,0,0,0
1586822400,LK Kyffhäuserkreis,35,35,0,0,0,0
1586908800,LK Kyffhäuserkreis,35,35,0,0,0,0
1586995200,LK Kyffhäuserkreis,35,35,0,0,0,0
1587081600,LK Kyffhäuserkreis,35,35,0,0,0,0
1587168000,LK Kyffhäuserkreis,35,35,0,0,0,0
1587254400,LK Kyffhäuserkreis,35,35,0,0,0,0
1587340800,LK Kyffhäuserkreis,36,35,0,1,0,0
1587427200,LK Kyffhäuserkreis,36,35,0,0,0,0
1587513600,LK Kyffhäuserkreis,37,35,0,1,0,0
1587600000,LK Kyffhäuserkreis,37,35,0,0,0,0
1587686400,LK Kyffhäuserkreis,37,35,0,0,0,0
1587772800,LK Kyffhäuserkreis,37,35,0,0,0,0
1587859200,LK Kyffhäuserkreis,37,35,0,0,0,0
1587945600,LK Kyffhäuserkreis,37,35,0,0,0,0
1588032000,LK Kyffhäuserkreis,38,35,0,1,0,0
1588118400,LK Kyffhäuserkreis,39,35,0,1,0,0
1580169600,LK Nordhausen,0,0,0,0,0,0
1580256000,LK Nordhausen,0,0,0,0,0,0
1580342400,LK Nordhausen,0,0,0,0,0,0
1580428800,LK Nordhausen,0,0,0,0,0,0
1580515200,LK Nordhausen,0,0,0,0,0,0
1580601600,LK Nordhausen,0,0,0,0,0,0
1580688000,LK Nordhausen,0,0,0,0,0,0
1580774400,LK Nordhausen,0,0,0,0,0,0
1580860800,LK Nordhausen,0,0,0,0,0,0
1580947200,LK Nordhausen,0,0,0,0,0,0
1581033600,LK Nordhausen,0,0,0,0,0,0
1581120000,LK Nordhausen,0,0,0,0,0,0
1581206400,LK Nordhausen,0,0,0,0,0,0
1581292800,LK Nordhausen,0,0,0,0,0,0
1581379200,LK Nordhausen,0,0,0,0,0,0
1581465600,LK Nordhausen,0,0,0,0,0,0
1581552000,LK Nordhausen,0,0,0,0,0,0
1581638400,LK Nordhausen,0,0,0,0,0,0
1581724800,LK Nordhausen,0,0,0,0,0,0
1581811200,LK Nordhausen,0,0,0,0,0,0
1581897600,LK Nordhausen,0,0,0,0,0,0
1581984000,LK Nordhausen,0,0,0,0,0,0
1582070400,LK Nordhausen,0,0,0,0,0,0
1582156800,LK Nordhausen,0,0,0,0,0,0
1582243200,LK Nordhausen,0,0,0,0,0,0
1582329600,LK Nordhausen,0,0,0,0,0,0
1582416000,LK Nordhausen,0,0,0,0,0,0
1582502400,LK Nordhausen,0,0,0,0,0,0
1582588800,LK Nordhausen,0,0,0,0,0,0
1582675200,LK Nordhausen,0,0,0,0,0,0
1582761600,LK Nordhausen,0,0,0,0,0,0
1582848000,LK Nordhausen,0,0,0,0,0,0
1582934400,LK Nordhausen,0,0,0,0,0,0
1583020800,LK Nordhausen,0,0,0,0,0,0
1583107200,LK Nordhausen,0,0,0,0,0,0
1583193600,LK Nordhausen,0,0,0,0,0,0
1583280000,LK Nordhausen,0,0,0,0,0,0
1583366400,LK Nordhausen,0,0,0,0,0,0
1583452800,LK Nordhausen,0,0,0,0,0,0
1583539200,LK Nordhausen,0,0,0,0,0,0
1583625600,LK Nordhausen,0,0,0,0,0,0
1583712000,LK Nordhausen,0,0,0,0,0,0
1583798400,LK Nordhausen,0,0,0,0,0,0
1583884800,LK Nordhausen,0,0,0,0,0,0
1583971200,LK Nordhausen,0,0,0,0,0,0
1584057600,LK Nordhausen,2,2,0,2,2,0
1584144000,LK Nordhausen,2,2,0,0,0,0
1584230400,LK Nordhausen,2,2,0,0,0,0
1584316800,LK Nordhausen,2,2,0,0,0,0
1584403200,LK Nordhausen,2,2,0,0,0,0
1584489600,LK Nordhausen,2,2,0,0,0,0
1584576000,LK Nordhausen,2,2,0,0,0,0
1584662400,LK Nordhausen,3,3,0,1,1,0
1584748800,LK Nordhausen,3,3,0,0,0,0
1584835200,LK Nordhausen,3,3,0,0,0,0
1584921600,LK Nordhausen,6,6,0,3,3,0
1585008000,LK Nordhausen,6,6,0,0,0,0
1585094400,LK Nordhausen,7,7,0,1,1,0
1585180800,LK Nordhausen,9,9,0,2,2,0
1585267200,LK Nordhausen,11,10,1,2,1,1
1585353600,LK Nordhausen,12,11,1,1,1,0
1585440000,LK Nordhausen,13,12,1,1,1,0
1585526400,LK Nordhausen,15,14,1,2,2,0
1585612800,LK Nordhausen,15,14,1,0,0,0
1585699200,LK Nordhausen,16,15,1,1,1,0
1585785600,LK Nordhausen,20,19,1,4,4,0
1585872000,LK Nordhausen,20,19,1,0,0,0
1585958400,LK Nordhausen,21,20,1,1,1,0
1586044800,LK Nordhausen,21,20,1,0,0,0
1586131200,LK Nordhausen,21,20,1,0,0,0
1586217600,LK Nordhausen,26,24,1,5,4,0
1586304000,LK Nordhausen,27,25,1,1,1,0
1586390400,LK Nordhausen,29,25,1,2,0,0
1586476800,LK Nordhausen,30,26,1,1,1,0
1586563200,LK Nordhausen,33,29,1,3,3,0
1586649600,LK Nordhausen,38,33,1,5,4,0
1586736000,LK Nordhausen,38,33,1,0,0,0
1586822400,LK Nordhausen,39,34,1,1,1,0
1586908800,LK Nordhausen,43,38,1,4,4,0
1586995200,LK Nordhausen,44,39,1,1,1,0
1587081600,LK Nordhausen,46,39,1,2,0,0
1587168000,LK Nordhausen,51,44,1,5,5,0
1587254400,LK Nordhausen,52,44,1,1,0,0
1587340800,LK Nordhausen,53,45,1,1,1,0
1587427200,LK Nordhausen,53,45,1,0,0,0
1587513600,LK Nordhausen,53,45,1,0,0,0
1587600000,LK Nordhausen,56,45,1,3,0,0
1587686400,LK Nordhausen,56,45,1,0,0,0
1587772800,LK Nordhausen,57,45,1,1,0,0
1587859200,LK Nordhausen,57,45,1,0,0,0
1587945600,LK Nordhausen,58,45,1,1,0,0
1588032000,LK Nordhausen,58,45,1,0,0,0
1588118400,LK Nordhausen,58,45,1,0,0,0
1580169600,LK Saale-Holzland-Kreis,0,0,0,0,0,0
1580256000,LK Saale-Holzland-Kreis,0,0,0,0,0,0
1580342400,LK Saale-Holzland-Kreis,0,0,0,0,0,0
1580428800,LK Saale-Holzland-Kreis,0,0,0,0,0,0
1580515200,LK Saale-Holzland-Kreis,0,0,0,0,0,0
1580601600,LK Saale-Holzland-Kreis,0,0,0,0,0,0
1580688000,LK Saale-Holzland-Kreis,0,0,0,0,0,0
1580774400,LK Saale-Holzland-Kreis,0,0,0,0,0,0
1580860800,LK Saale-Holzland-Kreis,0,0,0,0,0,0
1580947200,LK Saale-Holzland-Kreis,0,0,0,0,0,0
1581033600,LK Saale-Holzland-Kreis,0,0,0,0,0,0
1581120000,LK Saale-Holzland-Kreis,0,0,0,0,0,0
1581206400,LK Saale-Holzland-Kreis,0,0,0,0,0,0
1581292800,LK Saale-Holzland-Kreis,0,0,0,0,0,0
1581379200,LK Saale-Holzland-Kreis,0,0,0,0,0,0
1581465600,LK Saale-Holzland-Kreis,0,0,0,0,0,0
1581552000,LK Saale-Holzland-Kreis,0,0,0,0,0,0
1581638400,LK Saale-Holzland-Kreis,0,0,0,0,0,0
1581724800,LK Saale-Holzland-Kreis,0,0,0,0,0,0
1581811200,LK Saale-Holzland-Kreis,0,0,0,0,0,0
1581897600,LK Saale-Holzland-Kreis,0,0,0,0,0,0
1581984000,LK Saale-Holzland-Kreis,0,0,0,0,0,0
1582070400,LK Saale-Holzland-Kreis,0,0,0,0,0,0
1582156800,LK Saale-Holzland-Kreis,0,0,0,0,0,0
1582243200,LK Saale-Holzland-Kreis,0,0,0,0,0,0
1582329600,LK Saale-Holzland-Kreis,0,0,0,0,0,0
1582416000,LK Saale-Holzland-Kreis,0,0,0,0,0,0
1582502400,LK Saale-Holzland-Kreis,0,0,0,0,0,0
1582588800,LK Saale-Holzland-Kreis,0,0,0,0,0,0
1582675200,LK Saale-Holzland-Kreis,0,0,0,0,0,0
1582761600,LK Saale-Holzland-Kreis,0,0,0,0,0,0
1582848000,LK Saale-Holzland-Kreis,0,0,0,0,0,0
1582934400,LK Saale-Holzland-Kreis,0,0,0,0,0,0
1583020800,LK Saale-Holzland-Kreis,0,0,0,0,0,0
1583107200,LK Saale-Holzland-Kreis,0,0,0,0,0,0
1583193600,LK Saale-Holzland-Kreis,0,0,0,0,0,0
1583280000,LK Saale-Holzland-Kreis,0,0,0,0,0,0
1583366400,LK Saale-Holzland-Kreis,0,0,0,0,0,0
1583452800,LK Saale-Holzland-Kreis,0,0,0,0,0,0
1583539200,LK Saale-Holzland-Kreis,0,0,0,0,0,0
1583625600,LK Saale-Holzland-Kreis,0,0,0,0,0,0
1583712000,LK Saale-Holzland-Kreis,0,0,0,0,0,0
1583798400,LK Saale-Holzland-Kreis,1,1,0,1,1,0
1583884800,LK Saale-Holzland-Kreis,1,1,0,0,0,0
1583971200,LK Saale-Holzland-Kreis,3,3,0,2,2,0
1584057600,LK Saale-Holzland-Kreis,3,3,0,0,0,0
1584144000,LK Saale-Holzland-Kreis,3,3,0,0,0,0
1584230400,LK Saale-Holzland-Kreis,3,3,0,0,0,0
1584316800,LK Saale-Holzland-Kreis,3,3,0,0,0,0
1584403200,LK Saale-Holzland-Kreis,4,4,0,1,1,0
1584489600,LK Saale-Holzland-Kreis,7,7,0,3,3,0
1584576000,LK Saale-Holzland-Kreis,13,13,0,6,6,0
1584662400,LK Saale-Holzland-Kreis,14,14,0,1,1,0
1584748800,LK Saale-Holzland-Kreis,17,17,0,3,3,0
1584835200,LK Saale-Holzland-Kreis,17,17,0,0,0,0
1584921600,LK Saale-Holzland-Kreis,17,17,0,0,0,0
1585008000,LK Saale-Holzland-Kreis,17,17,0,0,0,0
1585094400,LK Saale-Holzland-Kreis,20,20,0,3,3,0
1585180800,LK Saale-Holzland-Kreis,21,21,0,1,1,0
1585267200,LK Saale-Holzland-Kreis,22,22,0,1,1,0
1585353600,LK Saale-Holzland-Kreis,27,27,0,5,5,0
1585440000,LK Saale-Holzland-Kreis,27,27,0,0,0,0
1585526400,LK Saale-Holzland-Kreis,28,28,0,1,1,0
1585612800,LK Saale-Holzland-Kreis,30,30,0,2,2,0
1585699200,LK Saale-Holzland-Kreis,31,31,0,1,1,0
1585785600,LK Saale-Holzland-Kreis,35,35,0,4,4,0
1585872000,LK Saale-Holzland-Kreis,41,41,0,6,6,0
1585958400,LK Saale-Holzland-Kreis,41,41,0,0,0,0
1586044800,LK Saale-Holzland-Kreis,45,44,0,4,3,0
1586131200,LK Saale-Holzland-Kreis,46,45,0,1,1,0
1586217600,LK Saale-Holzland-Kreis,47,46,0,1,1,0
1586304000,LK Saale-Holzland-Kreis,48,47,0,1,1,0
1586390400,LK Saale-Holzland-Kreis,49,47,1,1,0,1
1586476800,LK Saale-Holzland-Kreis,50,48,1,1,1,0
1586563200,LK Saale-Holzland-Kreis,50,48,1,0,0,0
1586649600,LK Saale-Holzland-Kreis,50,48,1,0,0,0
1586736000,LK Saale-Holzland-Kreis,50,48,1,0,0,0
1586822400,LK Saale-Holzland-Kreis,50,48,1,0,0,0
1586908800,LK Saale-Holzland-Kreis,50,48,1,0,0,0
1586995200,LK Saale-Holzland-Kreis,50,48,1,0,0,0
1587081600,LK Saale-Holzland-Kreis,50,48,1,0,0,0
1587168000,LK Saale-Holzland-Kreis,50,48,1,0,0,0
1587254400,LK Saale-Holzland-Kreis,50,48,1,0,0,0
1587340800,LK Saale-Holzland-Kreis,50,48,1,0,0,0
1587427200,LK Saale-Holzland-Kreis,51,49,1,1,1,0
1587513600,LK Saale-Holzland-Kreis,53,49,1,2,0,0
1587600000,LK Saale-Holzland-Kreis,55,49,1,2,0,0
1587686400,LK Saale-Holzland-Kreis,55,49,1,0,0,0
1587772800,LK Saale-Holzland-Kreis,55,49,1,0,0,0
1587859200,LK Saale-Holzland-Kreis,55,49,1,0,0,0
1587945600,LK Saale-Holzland-Kreis,56,49,1,1,0,0
1588032000,LK Saale-Holzland-Kreis,56,49,1,0,0,0
1588118400,LK Saale-Holzland-Kreis,56,49,1,0,0,0
1580169600,LK Saale-Orla-Kreis,0,0,0,0,0,0
1580256000,LK Saale-Orla-Kreis,0,0,0,0,0,0
1580342400,LK Saale-Orla-Kreis,0,0,0,0,0,0
1580428800,LK Saale-Orla-Kreis,0,0,0,0,0,0
1580515200,LK Saale-Orla-Kreis,0,0,0,0,0,0
1580601600,LK Saale-Orla-Kreis,0,0,0,0,0,0
1580688000,LK Saale-Orla-Kreis,0,0,0,0,0,0
1580774400,LK Saale-Orla-Kreis,0,0,0,0,0,0
1580860800,LK Saale-Orla-Kreis,0,0,0,0,0,0
1580947200,LK Saale-Orla-Kreis,0,0,0,0,0,0
1581033600,LK Saale-Orla-Kreis,0,0,0,0,0,0
1581120000,LK Saale-Orla-Kreis,0,0,0,0,0,0
1581206400,LK Saale-Orla-Kreis,0,0,0,0,0,0
1581292800,LK Saale-Orla-Kreis,0,0,0,0,0,0
1581379200,LK Saale-Orla-Kreis,0,0,0,0,0,0
1581465600,LK Saale-Orla-Kreis,0,0,0,0,0,0
1581552000,LK Saale-Orla-Kreis,0,0,0,0,0,0
1581638400,LK Saale-Orla-Kreis,0,0,0,0,0,0
1581724800,LK Saale-Orla-Kreis,0,0,0,0,0,0
1581811200,LK Saale-Orla-Kreis,0,0,0,0,0,0
1581897600,LK Saale-Orla-Kreis,0,0,0,0,0,0
1581984000,LK Saale-Orla-Kreis,0,0,0,0,0,0
1582070400,LK Saale-Orla-Kreis,0,0,0,0,0,0
1582156800,LK Saale-Orla-Kreis,0,0,0,0,0,0
1582243200,LK Saale-Orla-Kreis,0,0,0,0,0,0
1582329600,LK Saale-Orla-Kreis,0,0,0,0,0,0
1582416000,LK Saale-Orla-Kreis,0,0,0,0,0,0
1582502400,LK Saale-Orla-Kreis,0,0,0,0,0,0
1582588800,LK Saale-Orla-Kreis,0,0,0,0,0,0
1582675200,LK Saale-Orla-Kreis,0,0,0,0,0,0
1582761600,LK Saale-Orla-Kreis,0,0,0,0,0,0
1582848000,LK Saale-Orla-Kreis,0,0,0,0,0,0
1582934400,LK Saale-Orla-Kreis,0,0,0,0,0,0
1583020800,LK Saale-Orla-Kreis,0,0,0,0,0,0
1583107200,LK Saale-Orla-Kreis,0,0,0,0,0,0
1583193600,LK Saale-Orla-Kreis,1,1,0,1,1,0
1583280000,LK Saale-Orla-Kreis,1,1,0,0,0,0
1583366400,LK Saale-Orla-Kreis,1,1,0,0,0,0
1583452800,LK Saale-Orla-Kreis,1,1,0,0,0,0
1583539200,LK Saale-Orla-Kreis,1,1,0,0,0,0
1583625600,LK Saale-Orla-Kreis,1,1,0,0,0,0
1583712000,LK Saale-Orla-Kreis,1,1,0,0,0,0
1583798400,LK Saale-Orla-Kreis,3,3,0,2,2,0
1583884800,LK Saale-Orla-Kreis,3,3,0,0,0,0
1583971200,LK Saale-Orla-Kreis,3,3,0,0,0,0
1584057600,LK Saale-Orla-Kreis,3,3,0,0,0,0
1584144000,LK Saale-Orla-Kreis,3,3,0,0,0,0
1584230400,LK Saale-Orla-Kreis,3,3,0,0,0,0
1584316800,LK Saale-Orla-Kreis,3,3,0,0,0,0
1584403200,LK Saale-Orla-Kreis,3,3,0,0,0,0
1584489600,LK Saale-Orla-Kreis,4,4,0,1,1,0
1584576000,LK Saale-Orla-Kreis,6,6,0,2,2,0
1584662400,LK Saale-Orla-Kreis,7,7,0,1,1,0
1584748800,LK Saale-Orla-Kreis,7,7,0,0,0,0
1584835200,LK Saale-Orla-Kreis,7,7,0,0,0,0
1584921600,LK Saale-Orla-Kreis,8,8,0,1,1,0
1585008000,LK Saale-Orla-Kreis,8,8,0,0,0,0
1585094400,LK Saale-Orla-Kreis,10,10,0,2,2,0
1585180800,LK Saale-Orla-Kreis,11,11,0,1,1,0
1585267200,LK Saale-Orla-Kreis,27,24,3,16,13,3
1585353600,LK Saale-Orla-Kreis,27,24,3,0,0,0
1585440000,LK Saale-Orla-Kreis,27,24,3,0,0,0
1585526400,LK Saale-Orla-Kreis,34,31,3,7,7,0
1585612800,LK Saale-Orla-Kreis,37,34,3,3,3,0
1585699200,LK Saale-Orla-Kreis,41,38,3,4,4,0
1585785600,LK Saale-Orla-Kreis,50,47,3,9,9,0
1585872000,LK Saale-Orla-Kreis,61,55,6,11,8,3
1585958400,LK Saale-Orla-Kreis,65,59,6,4,4,0
1586044800,LK Saale-Orla-Kreis,68,61,7,3,2,1
1586131200,LK Saale-Orla-Kreis,68,61,7,0,0,0
1586217600,LK Saale-Orla-Kreis,72,65,7,4,4,0
1586304000,LK Saale-Orla-Kreis,79,71,7,7,6,0
1586390400,LK Saale-Orla-Kreis,85,75,8,6,4,1
1586476800,LK Saale-Orla-Kreis,88,76,8,3,1,0
1586563200,LK Saale-Orla-Kreis,91,78,8,3,2,0
1586649600,LK Saale-Orla-Kreis,94,79,9,3,1,1
1586736000,LK Saale-Orla-Kreis,95,80,9,1,1,0
1586822400,LK Saale-Orla-Kreis,96,81,9,1,1,0
1586908800,LK Saale-Orla-Kreis,99,82,10,3,1,1
1586995200,LK Saale-Orla-Kreis,100,83,10,1,1,0
1587081600,LK Saale-Orla-Kreis,103,86,10,3,3,0
1587168000,LK Saale-Orla-Kreis,107,88,10,4,2,0
1587254400,LK Saale-Orla-Kreis,107,88,10,0,0,0
1587340800,LK Saale-Orla-Kreis,110,88,11,3,0,1
1587427200,LK Saale-Orla-Kreis,113,88,11,3,0,0
1587513600,LK Saale-Orla-Kreis,115,88,11,2,0,0
1587600000,LK Saale-Orla-Kreis,117,88,11,2,0,0
1587686400,LK Saale-Orla-Kreis,117,88,11,0,0,0
1587772800,LK Saale-Orla-Kreis,118,88,11,1,0,0
1587859200,LK Saale-Orla-Kreis,120,88,11,2,0,0
1587945600,LK Saale-Orla-Kreis,120,88,11,0,0,0
1588032000,LK Saale-Orla-Kreis,121,88,11,1,0,0
1588118400,LK Saale-Orla-Kreis,123,88,11,2,0,0
1580169600,LK Saalfeld-Rudolstadt,0,0,0,0,0,0
1580256000,LK Saalfeld-Rudolstadt,0,0,0,0,0,0
1580342400,LK Saalfeld-Rudolstadt,0,0,0,0,0,0
1580428800,LK Saalfeld-Rudolstadt,0,0,0,0,0,0
1580515200,LK Saalfeld-Rudolstadt,0,0,0,0,0,0
1580601600,LK Saalfeld-Rudolstadt,0,0,0,0,0,0
1580688000,LK Saalfeld-Rudolstadt,0,0,0,0,0,0
1580774400,LK Saalfeld-Rudolstadt,0,0,0,0,0,0
1580860800,LK Saalfeld-Rudolstadt,0,0,0,0,0,0
1580947200,LK Saalfeld-Rudolstadt,0,0,0,0,0,0
1581033600,LK Saalfeld-Rudolstadt,0,0,0,0,0,0
1581120000,LK Saalfeld-Rudolstadt,0,0,0,0,0,0
1581206400,LK Saalfeld-Rudolstadt,0,0,0,0,0,0
1581292800,LK Saalfeld-Rudolstadt,0,0,0,0,0,0
1581379200,LK Saalfeld-Rudolstadt,0,0,0,0,0,0
1581465600,LK Saalfeld-Rudolstadt,0,0,0,0,0,0
1581552000,LK Saalfeld-Rudolstadt,0,0,0,0,0,0
1581638400,LK Saalfeld-Rudolstadt,0,0,0,0,0,0
1581724800,LK Saalfeld-Rudolstadt,0,0,0,0,0,0
1581811200,LK Saalfeld-Rudolstadt,0,0,0,0,0,0
1581897600,LK Saalfeld-Rudolstadt,0,0,0,0,0,0
1581984000,LK Saalfeld-Rudolstadt,0,0,0,0,0,0
1582070400,LK Saalfeld-Rudolstadt,0,0,0,0,0,0
1582156800,LK Saalfeld-Rudolstadt,0,0,0,0,0,0
1582243200,LK Saalfeld-Rudolstadt,0,0,0,0,0,0
1582329600,LK Saalfeld-Rudolstadt,0,0,0,0,0,0
1582416000,LK Saalfeld-Rudolstadt,0,0,0,0,0,0
1582502400,LK Saalfeld-Rudolstadt,0,0,0,0,0,0
1582588800,LK Saalfeld-Rudolstadt,0,0,0,0,0,0
1582675200,LK Saalfeld-Rudolstadt,0,0,0,0,0,0
1582761600,LK Saalfeld-Rudolstadt,0,0,0,0,0,0
1582848000,LK Saalfeld-Rudolstadt,0,0,0,0,0,0
1582934400,LK Saalfeld-Rudolstadt,0,0,0,0,0,0
1583020800,LK Saalfeld-Rudolstadt,0,0,0,0,0,0
1583107200,LK Saalfeld-Rudolstadt,0,0,0,0,0,0
1583193600,LK Saalfeld-Rudolstadt,0,0,0,0,0,0
1583280000,LK Saalfeld-Rudolstadt,0,0,0,0,0,0
1583366400,LK Saalfeld-Rudolstadt,0,0,0,0,0,0
1583452800,LK Saalfeld-Rudolstadt,0,0,0,0,0,0
1583539200,LK Saalfeld-Rudolstadt,0,0,0,0,0,0
1583625600,LK Saalfeld-Rudolstadt,0,0,0,0,0,0
1583712000,LK Saalfeld-Rudolstadt,0,0,0,0,0,0
1583798400,LK Saalfeld-Rudolstadt,0,0,0,0,0,0
1583884800,LK Saalfeld-Rudolstadt,0,0,0,0,0,0
1583971200,LK Saalfeld-Rudolstadt,5,5,0,5,5,0
1584057600,LK Saalfeld-Rudolstadt,5,5,0,0,0,0
1584144000,LK Saalfeld-Rudolstadt,5,5,0,0,0,0
1584230400,LK Saalfeld-Rudolstadt,5,5,0,0,0,0
1584316800,LK Saalfeld-Rudolstadt,5,5,0,0,0,0
1584403200,LK Saalfeld-Rudolstadt,5,5,0,0,0,0
1584489600,LK Saalfeld-Rudolstadt,11,11,0,6,6,0
1584576000,LK Saalfeld-Rudolstadt,12,12,0,1,1,0
1584662400,LK Saalfeld-Rudolstadt,17,17,0,5,5,0
1584748800,LK Saalfeld-Rudolstadt,17,17,0,0,0,0
1584835200,LK Saalfeld-Rudolstadt,17,17,0,0,0,0
1584921600,LK Saalfeld-Rudolstadt,18,18,0,1,1,0
1585008000,LK Saalfeld-Rudolstadt,22,22,0,4,4,0
1585094400,LK Saalfeld-Rudolstadt,29,29,0,7,7,0
1585180800,LK Saalfeld-Rudolstadt,33,33,0,4,4,0
1585267200,LK Saalfeld-Rudolstadt,33,33,0,0,0,0
1585353600,LK Saalfeld-Rudolstadt,36,36,0,3,3,0
1585440000,LK Saalfeld-Rudolstadt,38,38,0,2,2,0
1585526400,LK Saalfeld-Rudolstadt,39,39,0,1,1,0
1585612800,LK Saalfeld-Rudolstadt,43,43,0,4,4,0
1585699200,LK Saalfeld-Rudolstadt,47,47,0,4,4,0
1585785600,LK Saalfeld-Rudolstadt,48,48,0,1,1,0
1585872000,LK Saalfeld-Rudolstadt,50,50,0,2,2,0
1585958400,LK Saalfeld-Rudolstadt,51,51,0,1,1,0
1586044800,LK Saalfeld-Rudolstadt,51,51,0,0,0,0
1586131200,LK Saalfeld-Rudolstadt,51,51,0,0,0,0
1586217600,LK Saalfeld-Rudolstadt,52,52,0,1,1,0
1586304000,LK Saalfeld-Rudolstadt,54,54,0,2,2,0
1586390400,LK Saalfeld-Rudolstadt,54,54,0,0,0,0
1586476800,LK Saalfeld-Rudolstadt,54,54,0,0,0,0
1586563200,LK Saalfeld-Rudolstadt,54,54,0,0,0,0
1586649600,LK Saalfeld-Rudolstadt,54,54,0,0,0,0
1586736000,LK Saalfeld-Rudolstadt,54,54,0,0,0,0
1586822400,LK Saalfeld-Rudolstadt,54,54,0,0,0,0
1586908800,LK Saalfeld-Rudolstadt,54,54,0,0,0,0
1586995200,LK Saalfeld-Rudolstadt,54,54,0,0,0,0
1587081600,LK Saalfeld-Rudolstadt,54,54,0,0,0,0
1587168000,LK Saalfeld-Rudolstadt,54,54,0,0,0,0
1587254400,LK Saalfeld-Rudolstadt,54,54,0,0,0,0
1587340800,LK Saalfeld-Rudolstadt,54,54,0,0,0,0
1587427200,LK Saalfeld-Rudolstadt,56,54,0,2,0,0
1587513600,LK Saalfeld-Rudolstadt,56,54,0,0,0,0
1587600000,LK Saalfeld-Rudolstadt,57,55,0,1,1,0
1587686400,LK Saalfeld-Rudolstadt,58,55,0,1,0,0
1587772800,LK Saalfeld-Rudolstadt,58,55,0,0,0,0
1587859200,LK Saalfeld-Rudolstadt,58,55,0,0,0,0
1587945600,LK Saalfeld-Rudolstadt,59,55,0,1,0,0
1588032000,LK Saalfeld-Rudolstadt,63,55,0,4,0,0
1588118400,LK Saalfeld-Rudolstadt,63,55,0,0,0,0
1580169600,LK Schmalkalden-Meiningen,0,0,0,0,0,0
1580256000,LK Schmalkalden-Meiningen,0,0,0,0,0,0
1580342400,LK Schmalkalden-Meiningen,0,0,0,0,0,0
1580428800,LK Schmalkalden-Meiningen,0,0,0,0,0,0
1580515200,LK Schmalkalden-Meiningen,0,0,0,0,0,0
1580601600,LK Schmalkalden-Meiningen,0,0,0,0,0,0
1580688000,LK Schmalkalden-Meiningen,0,0,0,0,0,0
1580774400,LK Schmalkalden-Meiningen,0,0,0,0,0,0
1580860800,LK Schmalkalden-Meiningen,0,0,0,0,0,0
1580947200,LK Schmalkalden-Meiningen,0,0,0,0,0,0
1581033600,LK Schmalkalden-Meiningen,0,0,0,0,0,0
1581120000,LK Schmalkalden-Meiningen,0,0,0,0,0,0
1581206400,LK Schmalkalden-Meiningen,0,0,0,0,0,0
1581292800,LK Schmalkalden-Meiningen,0,0,0,0,0,0
1581379200,LK Schmalkalden-Meiningen,0,0,0,0,0,0
1581465600,LK Schmalkalden-Meiningen,0,0,0,0,0,0
1581552000,LK Schmalkalden-Meiningen,0,0,0,0,0,0
1581638400,LK Schmalkalden-Meiningen,0,0,0,0,0,0
1581724800,LK Schmalkalden-Meiningen,0,0,0,0,0,0
1581811200,LK Schmalkalden-Meiningen,0,0,0,0,0,0
1581897600,LK Schmalkalden-Meiningen,0,0,0,0,0,0
1581984000,LK Schmalkalden-Meiningen,0,0,0,0,0,0
1582070400,LK Schmalkalden-Meiningen,0,0,0,0,0,0
1582156800,LK Schmalkalden-Meiningen,0,0,0,0,0,0
1582243200,LK Schmalkalden-Meiningen,0,0,0,0,0,0
1582329600,LK Schmalkalden-Meiningen,0,0,0,0,0,0
1582416000,LK Schmalkalden-Meiningen,0,0,0,0,0,0
1582502400,LK Schmalkalden-Meiningen,0,0,0,0,0,0
1582588800,LK Schmalkalden-Meiningen,0,0,0,0,0,0
1582675200,LK Schmalkalden-Meiningen,0,0,0,0,0,0
1582761600,LK Schmalkalden-Meiningen,0,0,0,0,0,0
1582848000,LK Schmalkalden-Meiningen,0,0,0,0,0,0
1582934400,LK Schmalkalden-Meiningen,0,0,0,0,0,0
1583020800,LK Schmalkalden-Meiningen,0,0,0,0,0,0
1583107200,LK Schmalkalden-Meiningen,0,0,0,0,0,0
1583193600,LK Schmalkalden-Meiningen,0,0,0,0,0,0
1583280000,LK Schmalkalden-Meiningen,0,0,0,0,0,0
1583366400,LK Schmalkalden-Meiningen,0,0,0,0,0,0
1583452800,LK Schmalkalden-Meiningen,0,0,0,0,0,0
1583539200,LK Schmalkalden-Meiningen,0,0,0,0,0,0
1583625600,LK Schmalkalden-Meiningen,0,0,0,0,0,0
1583712000,LK Schmalkalden-Meiningen,0,0,0,0,0,0
1583798400,LK Schmalkalden-Meiningen,0,0,0,0,0,0
1583884800,LK Schmalkalden-Meiningen,0,0,0,0,0,0
1583971200,LK Schmalkalden-Meiningen,1,1,0,1,1,0
1584057600,LK Schmalkalden-Meiningen,2,2,0,1,1,0
1584144000,LK Schmalkalden-Meiningen,2,2,0,0,0,0
1584230400,LK Schmalkalden-Meiningen,2,2,0,0,0,0
1584316800,LK Schmalkalden-Meiningen,2,2,0,0,0,0
1584403200,LK Schmalkalden-Meiningen,5,5,0,3,3,0
1584489600,LK Schmalkalden-Meiningen,8,8,0,3,3,0
1584576000,LK Schmalkalden-Meiningen,11,11,0,3,3,0
1584662400,LK Schmalkalden-Meiningen,15,15,0,4,4,0
1584748800,LK Schmalkalden-Meiningen,15,15,0,0,0,0
1584835200,LK Schmalkalden-Meiningen,15,15,0,0,0,0
1584921600,LK Schmalkalden-Meiningen,17,17,0,2,2,0
1585008000,LK Schmalkalden-Meiningen,21,21,0,4,4,0
1585094400,LK Schmalkalden-Meiningen,23,23,0,2,2,0
1585180800,LK Schmalkalden-Meiningen,27,27,0,4,4,0
1585267200,LK Schmalkalden-Meiningen,30,30,0,3,3,0
1585353600,LK Schmalkalden-Meiningen,31,31,0,1,1,0
1585440000,LK Schmalkalden-Meiningen,31,31,0,0,0,0
1585526400,LK Schmalkalden-Meiningen,31,31,0,0,0,0
1585612800,LK Schmalkalden-Meiningen,33,33,0,2,2,0
1585699200,LK Schmalkalden-Meiningen,33,33,0,0,0,0
1585785600,LK Schmalkalden-Meiningen,34,34,0,1,1,0
1585872000,LK Schmalkalden-Meiningen,35,35,0,1,1,0
1585958400,LK Schmalkalden-Meiningen,37,37,0,2,2,0
1586044800,LK Schmalkalden-Meiningen,37,37,0,0,0,0
1586131200,LK Schmalkalden-Meiningen,37,37,0,0,0,0
1586217600,LK Schmalkalden-Meiningen,43,42,0,6,5,0
1586304000,LK Schmalkalden-Meiningen,49,47,0,6,5,0
1586390400,LK Schmalkalden-Meiningen,53,51,0,4,4,0
1586476800,LK Schmalkalden-Meiningen,55,51,2,2,0,2
1586563200,LK Schmalkalden-Meiningen,55,51,2,0,0,0
1586649600,LK Schmalkalden-Meiningen,55,51,2,0,0,0
1586736000,LK Schmalkalden-Meiningen,57,53,2,2,2,0
1586822400,LK Schmalkalden-Meiningen,61,56,2,4,3,0
1586908800,LK Schmalkalden-Meiningen,66,61,2,5,5,0
1586995200,LK Schmalkalden-Meiningen,70,63,2,4,2,0
1587081600,LK Schmalkalden-Meiningen,71,64,2,1,1,0
1587168000,LK Schmalkalden-Meiningen,73,65,2,2,1,0
1587254400,LK Schmalkalden-Meiningen,73,65,2,0,0,0
1587340800,LK Schmalkalden-Meiningen,75,65,2,2,0,0
1587427200,LK Schmalkalden-Meiningen,76,65,2,1,0,0
1587513600,LK Schmalkalden-Meiningen,82,65,2,6,0,0
1587600000,LK Schmalkalden-Meiningen,88,65,2,6,0,0
1587686400,LK Schmalkalden-Meiningen,90,65,2,2,0,0
1587772800,LK Schmalkalden-Meiningen,90,65,2,0,0,0
1587859200,LK Schmalkalden-Meiningen,90,65,2,0,0,0
1587945600,LK Schmalkalden-Meiningen,92,65,2,2,0,0
1588032000,LK Schmalkalden-Meiningen,94,65,2,2,0,0
1588118400,LK Schmalkalden-Meiningen,94,65,2,0,0,0
1580169600,LK Sömmerda,0,0,0,0,0,0
1580256000,LK Sömmerda,0,0,0,0,0,0
1580342400,LK Sömmerda,0,0,0,0,0,0
1580428800,LK Sömmerda,0,0,0,0,0,0
1580515200,LK Sömmerda,0,0,0,0,0,0
1580601600,LK Sömmerda,0,0,0,0,0,0
1580688000,LK Sömmerda,0,0,0,0,0,0
1580774400,LK Sömmerda,0,0,0,0,0,0
1580860800,LK Sömmerda,0,0,0,0,0,0
1580947200,LK Sömmerda,0,0,0,0,0,0
1581033600,LK Sömmerda,0,0,0,0,0,0
1581120000,LK Sömmerda,0,0,0,0,0,0
1581206400,LK Sömmerda,0,0,0,0,0,0
1581292800,LK Sömmerda,0,0,0,0,0,0
1581379200,LK Sömmerda,0,0,0,0,0,0
1581465600,LK Sömmerda,0,0,0,0,0,0
1581552000,LK Sömmerda,0,0,0,0,0,0
1581638400,LK Sömmerda,0,0,0,0,0,0
1581724800,LK Sömmerda,0,0,0,0,0,0
1581811200,LK Sömmerda,0,0,0,0,0,0
1581897600,LK Sömmerda,0,0,0,0,0,0
1581984000,LK Sömmerda,0,0,0,0,0,0
1582070400,LK Sömmerda,0,0,0,0,0,0
1582156800,LK Sömmerda,0,0,0,0,0,0
1582243200,LK Sömmerda,0,0,0,0,0,0
1582329600,LK Sömmerda,0,0,0,0,0,0
1582416000,LK Sömmerda,0,0,0,0,0,0
1582502400,LK Sömmerda,0,0,0,0,0,0
1582588800,LK Sömmerda,0,0,0,0,0,0
1582675200,LK Sömmerda,0,0,0,0,0,0
1582761600,LK Sömmerda,0,0,0,0,0,0
1582848000,LK Sömmerda,0,0,0,0,0,0
1582934400,LK Sömmerda,0,0,0,0,0,0
1583020800,LK Sömmerda,0,0,0,0,0,0
1583107200,LK Sömmerda,0,0,0,0,0,0
1583193600,LK Sömmerda,0,0,0,0,0,0
1583280000,LK Sömmerda,0,0,0,0,0,0
1583366400,LK Sömmerda,0,0,0,0,0,0
1583452800,LK Sömmerda,0,0,0,0,0,0
1583539200,LK Sömmerda,0,0,0,0,0,0
1583625600,LK Sömmerda,0,0,0,0,0,0
1583712000,LK Sömmerda,0,0,0,0,0,0
1583798400,LK Sömmerda,0,0,0,0,0,0
1583884800,LK Sömmerda,0,0,0,0,0,0
1583971200,LK Sömmerda,0,0,0,0,0,0
1584057600,LK Sömmerda,0,0,0,0,0,0
1584144000,LK Sömmerda,0,0,0,0,0,0
1584230400,LK Sömmerda,0,0,0,0,0,0
1584316800,LK Sömmerda,0,0,0,0,0,0
1584403200,LK Sömmerda,0,0,0,0,0,0
1584489600,LK Sömmerda,0,0,0,0,0,0
1584576000,LK Sömmerda,2,2,0,2,2,0
1584662400,LK Sömmerda,3,3,0,1,1,0
1584748800,LK Sömmerda,4,4,0,1,1,0
1584835200,LK Sömmerda,6,6,0,2,2,0
1584921600,LK Sömmerda,8,8,0,2,2,0
1585008000,LK Sömmerda,9,9,0,1,1,0
1585094400,LK Sömmerda,13,13,0,4,4,0
1585180800,LK Sömmerda,19,19,0,6,6,0
1585267200,LK Sömmerda,22,22,0,3,3,0
1585353600,LK Sömmerda,22,22,0,0,0,0
1585440000,LK Sömmerda,22,22,0,0,0,0
1585526400,LK Sömmerda,22,22,0,0,0,0
1585612800,LK Sömmerda,23,23,0,1,1,0
1585699200,LK Sömmerda,26,26,0,3,3,0
1585785600,LK Sömmerda,28,28,0,2,2,0
1585872000,LK Sömmerda,28,28,0,0,0,0
1585958400,LK Sömmerda,28,28,0,0,0,0
1586044800,LK Sömmerda,29,29,0,1,1,0
1586131200,LK Sömmerda,29,29,0,0,0,0
1586217600,LK Sömmerda,30,30,0,1,1,0
1586304000,LK Sömmerda,31,31,0,1,1,0
1586390400,LK Sömmerda,32,32,0,1,1,0
1586476800,LK Sömmerda,32,32,0,0,0,0
1586563200,LK Sömmerda,32,32,0,0,0,0
1586649600,LK Sömmerda,32,32,0,0,0,0
1586736000,LK Sömmerda,32,32,0,0,0,0
1586822400,LK Sömmerda,32,32,0,0,0,0
1586908800,LK Sömmerda,32,32,0,0,0,0
1586995200,LK Sömmerda,33,32,0,1,0,0
1587081600,LK Sömmerda,33,32,0,0,0,0
1587168000,LK Sömmerda,33,32,0,0,0,0
1587254400,LK Sömmerda,33,32,0,0,0,0
1587340800,LK Sömmerda,33,32,0,0,0,0
1587427200,LK Sömmerda,36,34,0,3,2,0
1587513600,LK Sömmerda,36,34,0,0,0,0
1587600000,LK Sömmerda,36,34,0,0,0,0
1587686400,LK Sömmerda,36,34,0,0,0,0
1587772800,LK Sömmerda,36,34,0,0,0,0
1587859200,LK Sömmerda,36,34,0,0,0,0
1587945600,LK Sömmerda,36,34,0,0,0,0
1588032000,LK Sömmerda,36,34,0,0,0,0
1588118400,LK Sömmerda,36,34,0,0,0,0
1580169600,LK Sonneberg,0,0,0,0,0,0
1580256000,LK Sonneberg,0,0,0,0,0,0
1580342400,LK Sonneberg,0,0,0,0,0,0
1580428800,LK Sonneberg,0,0,0,0,0,0
1580515200,LK Sonneberg,0,0,0,0,0,0
1580601600,LK Sonneberg,0,0,0,0,0,0
1580688000,LK Sonneberg,0,0,0,0,0,0
1580774400,LK Sonneberg,0,0,0,0,0,0
1580860800,LK Sonneberg,0,0,0,0,0,0
1580947200,LK Sonneberg,0,0,0,0,0,0
1581033600,LK Sonneberg,0,0,0,0,0,0
1581120000,LK Sonneberg,0,0,0,0,0,0
1581206400,LK Sonneberg,0,0,0,0,0,0
1581292800,LK Sonneberg,0,0,0,0,0,0
1581379200,LK Sonneberg,0,0,0,0,0,0
1581465600,LK Sonneberg,0,0,0,0,0,0
1581552000,LK Sonneberg,0,0,0,0,0,0
1581638400,LK Sonneberg,0,0,0,0,0,0
1581724800,LK Sonneberg,0,0,0,0,0,0
1581811200,LK Sonneberg,0,0,0,0,0,0
1581897600,LK Sonneberg,0,0,0,0,0,0
1581984000,LK Sonneberg,0,0,0,0,0,0
1582070400,LK Sonneberg,0,0,0,0,0,0
1582156800,LK Sonneberg,0,0,0,0,0,0
1582243200,LK Sonneberg,0,0,0,0,0,0
1582329600,LK Sonneberg,0,0,0,0,0,0
1582416000,LK Sonneberg,0,0,0,0,0,0
1582502400,LK Sonneberg,0,0,0,0,0,0
1582588800,LK Sonneberg,0,0,0,0,0,0
1582675200,LK Sonneberg,0,0,0,0,0,0
1582761600,LK Sonneberg,0,0,0,0,0,0
1582848000,LK Sonneberg,0,0,0,0,0,0
1582934400,LK Sonneberg,0,0,0,0,0,0
1583020800,LK Sonneberg,0,0,0,0,0,0
1583107200,LK Sonneberg,0,0,0,0,0,0
1583193600,LK Sonneberg,0,0,0,0,0,0
1583280000,LK Sonneberg,0,0,0,0,0,0
1583366400,LK Sonneberg,0,0,0,0,0,0
1583452800,LK Sonneberg,0,0,0,0,0,0
1583539200,LK Sonneberg,0,0,0,0,0,0
1583625600,LK Sonneberg,0,0,0,0,0,0
1583712000,LK Sonneberg,0,0,0,0,0,0
1583798400,LK Sonneberg,0,0,0,0,0,0
1583884800,LK Sonneberg,0,0,0,0,0,0
1583971200,LK Sonneberg,0,0,0,0,0,0
1584057600,LK Sonneberg,0,0,0,0,0,0
1584144000,LK Sonneberg,0,0,0,0,0,0
1584230400,LK Sonneberg,0,0,0,0,0,0
1584316800,LK Sonneberg,0,0,0,0,0,0
1584403200,LK Sonneberg,0,0,0,0,0,0
1584489600,LK Sonneberg,0,0,0,0,0,0
1584576000,LK Sonneberg,0,0,0,0,0,0
1584662400,LK Sonneberg,5,5,0,5,5,0
1584748800,LK Sonneberg,5,5,0,0,0,0
1584835200,LK Sonneberg,6,6,0,1,1,0
1584921600,LK Sonneberg,6,6,0,0,0,0
1585008000,LK Sonneberg,9,9,0,3,3,0
1585094400,LK Sonneberg,11,11,0,2,2,0
1585180800,LK Sonneberg,14,14,0,3,3,0
1585267200,LK Sonneberg,16,16,0,2,2,0
1585353600,LK Sonneberg,20,20,0,4,4,0
1585440000,LK Sonneberg,20,20,0,0,0,0
1585526400,LK Sonneberg,22,22,0,2,2,0
1585612800,LK Sonneberg,30,30,0,8,8,0
1585699200,LK Sonneberg,32,31,1,2,1,1
1585785600,LK Sonneberg,33,32,1,1,1,0
1585872000,LK Sonneberg,35,34,1,2,2,0
1585958400,LK Sonneberg,36,35,1,1,1,0
1586044800,LK Sonneberg,36,35,1,0,0,0
1586131200,LK Sonneberg,37,36,1,1,1,0
1586217600,LK Sonneberg,39,37,1,2,1,0
1586304000,LK Sonneberg,44,42,1,5,5,0
1586390400,LK Sonneberg,47,45,1,3,3,0
1586476800,LK Sonneberg,47,45,1,0,0,0
1586563200,LK Sonneberg,49,46,1,2,1,0
1586649600,LK Sonneberg,50,47,1,1,1,0
1586736000,LK Sonneberg,51,48,1,1,1,0
1586822400,LK Sonneberg,53,49,1,2,1,0
1586908800,LK Sonneberg,53,49,1,0,0,0
1586995200,LK Sonneberg,56,51,1,3,2,0
1587081600,LK Sonneberg,58,52,2,2,1,1
1587168000,LK Sonneberg,60,52,2,2,0,0
1587254400,LK Sonneberg,60,52,2,0,0,0
1587340800,LK Sonneberg,71,53,2,11,1,0
1587427200,LK Sonneberg,73,53,2,2,0,0
1587513600,LK Sonneberg,76,53,2,3,0,0
1587600000,LK Sonneberg,81,54,2,5,1,0
1587686400,LK Sonneberg,85,54,2,4,0,0
1587772800,LK Sonneberg,88,54,2,3,0,0
1587859200,LK Sonneberg,89,54,2,1,0,0
1587945600,LK Sonneberg,91,54,2,2,0,0
1588032000,LK Sonneberg,98,54,2,7,0,0
1588118400,LK Sonneberg,98,54,2,0,0,0
1580169600,LK Unstrut-Hainich-Kreis,0,0,0,0,0,0
1580256000,LK Unstrut-Hainich-Kreis,0,0,0,0,0,0
1580342400,LK Unstrut-Hainich-Kreis,0,0,0,0,0,0
1580428800,LK Unstrut-Hainich-Kreis,0,0,0,0,0,0
1580515200,LK Unstrut-Hainich-Kreis,0,0,0,0,0,0
1580601600,LK Unstrut-Hainich-Kreis,0,0,0,0,0,0
1580688000,LK Unstrut-Hainich-Kreis,0,0,0,0,0,0
1580774400,LK Unstrut-Hainich-Kreis,0,0,0,0,0,0
1580860800,LK Unstrut-Hainich-Kreis,0,0,0,0,0,0
1580947200,LK Unstrut-Hainich-Kreis,0,0,0,0,0,0
1581033600,LK Unstrut-Hainich-Kreis,0,0,0,0,0,0
1581120000,LK Unstrut-Hainich-Kreis,0,0,0,0,0,0
1581206400,LK Unstrut-Hainich-Kreis,0,0,0,0,0,0
1581292800,LK Unstrut-Hainich-Kreis,0,0,0,0,0,0
1581379200,LK Unstrut-Hainich-Kreis,0,0,0,0,0,0
1581465600,LK Unstrut-Hainich-Kreis,0,0,0,0,0,0
1581552000,LK Unstrut-Hainich-Kreis,0,0,0,0,0,0
1581638400,LK Unstrut-Hainich-Kreis,0,0,0,0,0,0
1581724800,LK Unstrut-Hainich-Kreis,0,0,0,0,0,0
1581811200,LK Unstrut-Hainich-Kreis,0,0,0,0,0,0
1581897600,LK Unstrut-Hainich-Kreis,0,0,0,0,0,0
1581984000,LK Unstrut-Hainich-Kreis,0,0,0,0,0,0
1582070400,LK Unstrut-Hainich-Kreis,0,0,0,0,0,0
1582156800,LK Unstrut-Hainich-Kreis,0,0,0,0,0,0
1582243200,LK Unstrut-Hainich-Kreis,0,0,0,0,0,0
1582329600,LK Unstrut-Hainich-Kreis,0,0,0,0,0,0
1582416000,LK Unstrut-Hainich-Kreis,0,0,0,0,0,0
1582502400,LK Unstrut-Hainich-Kreis,0,0,0,0,0,0
1582588800,LK Unstrut-Hainich-Kreis,0,0,0,0,0,0
1582675200,LK Unstrut-Hainich-Kreis,0,0,0,0,0,0
1582761600,LK Unstrut-Hainich-Kreis,0,0,0,0,0,0
1582848000,LK Unstrut-Hainich-Kreis,0,0,0,0,0,0
1582934400,LK Unstrut-Hainich-Kreis,0,0,0,0,0,0
1583020800,LK Unstrut-Hainich-Kreis,0,0,0,0,0,0
1583107200,LK Unstrut-Hainich-Kreis,0,0,0,0,0,0
1583193600,LK Unstrut-Hainich-Kreis,0,0,0,0,0,0
1583280000,LK Unstrut-Hainich-Kreis,0,0,0,0,0,0
1583366400,LK Unstrut-Hainich-Kreis,0,0,0,0,0,0
1583452800,LK Unstrut-Hainich-Kreis,0,0,0,0,0,0
1583539200,LK Unstrut-Hainich-Kreis,0,0,0,0,0,0
1583625600,LK Unstrut-Hainich-Kreis,0,0,0,0,0,0
1583712000,LK Unstrut-Hainich-Kreis,0,0,0,0,0,0
1583798400,LK Unstrut-Hainich-Kreis,0,0,0,0,0,0
1583884800,LK Unstrut-Hainich-Kreis,0,0,0,0,0,0
1583971200,LK Unstrut-Hainich-Kreis,0,0,0,0,0,0
1584057600,LK Unstrut-Hainich-Kreis,0,0,0,0,0,0
1584144000,LK Unstrut-Hainich-Kreis,0,0,0,0,0,0
1584230400,LK Unstrut-Hainich-Kreis,0,0,0,0,0,0
1584316800,LK Unstrut-Hainich-Kreis,1,1,0,1,1,0
1584403200,LK Unstrut-Hainich-Kreis,2,2,0,1,1,0
1584489600,LK Unstrut-Hainich-Kreis,2,2,0,0,0,0
1584576000,LK Unstrut-Hainich-Kreis,5,5,0,3,3,0
1584662400,LK Unstrut-Hainich-Kreis,5,5,0,0,0,0
1584748800,LK Unstrut-Hainich-Kreis,5,5,0,0,0,0
1584835200,LK Unstrut-Hainich-Kreis,5,5,0,0,0,0
1584921600,LK Unstrut-Hainich-Kreis,6,6,0,1,1,0
1585008000,LK Unstrut-Hainich-Kreis,7,7,0,1,1,0
1585094400,LK Unstrut-Hainich-Kreis,8,8,0,1,1,0
1585180800,LK Unstrut-Hainich-Kreis,10,10,0,2,2,0
1585267200,LK Unstrut-Hainich-Kreis,10,10,0,0,0,0
1585353600,LK Unstrut-Hainich-Kreis,10,10,0,0,0,0
1585440000,LK Unstrut-Hainich-Kreis,11,11,0,1,1,0
1585526400,LK Unstrut-Hainich-Kreis,16,16,0,5,5,0
1585612800,LK Unstrut-Hainich-Kreis,19,19,0,3,3,0
1585699200,LK Unstrut-Hainich-Kreis,21,21,0,2,2,0
1585785600,LK Unstrut-Hainich-Kreis,26,26,0,5,5,0
1585872000,LK Unstrut-Hainich-Kreis,31,31,0,5,5,0
1585958400,LK Unstrut-Hainich-Kreis,35,35,0,4,4,0
1586044800,LK Unstrut-Hainich-Kreis,35,35,0,0,0,0
1586131200,LK Unstrut-Hainich-Kreis,35,35,0,0,0,0
1586217600,LK Unstrut-Hainich-Kreis,41,40,0,6,5,0
1586304000,LK Unstrut-Hainich-Kreis,43,42,0,2,2,0
1586390400,LK Unstrut-Hainich-Kreis,47,45,1,4,3,1
1586476800,LK Unstrut-Hainich-Kreis,47,45,1,0,0,0
1586563200,LK Unstrut-Hainich-Kreis,52,49,1,5,4,0
1586649600,LK Unstrut-Hainich-Kreis,52,49,1,0,0,0
1586736000,LK Unstrut-Hainich-Kreis,52,49,1,0,0,0
1586822400,LK Unstrut-Hainich-Kreis,55,51,1,3,2,0
1586908800,LK Unstrut-Hainich-Kreis,57,52,1,2,1,0
1586995200,LK Unstrut-Hainich-Kreis,61,56,1,4,4,0
1587081600,LK Unstrut-Hainich-Kreis,61,56,1,0,0,0
1587168000,LK Unstrut-Hainich-Kreis,62,57,1,1,1,0
1587254400,LK Unstrut-Hainich-Kreis,62,57,1,0,0,0
1587340800,LK Unstrut-Hainich-Kreis,64,57,2,2,0,1
1587427200,LK Unstrut-Hainich-Kreis,65,58,2,1,1,0
1587513600,LK Unstrut-Hainich-Kreis,68,58,2,3,0,0
1587600000,LK Unstrut-Hainich-Kreis,68,58,2,0,0,0
1587686400,LK Unstrut-Hainich-Kreis,70,58,2,2,0,0
1587772800,LK Unstrut-Hainich-Kreis,70,58,2,0,0,0
1587859200,LK Unstrut-Hainich-Kreis,70,58,2,0,0,0
1587945600,LK Unstrut-Hainich-Kreis,70,58,2,0,0,0
1588032000,LK Unstrut-Hainich-Kreis,74,58,2,4,0,0
1588118400,LK Unstrut-Hainich-Kreis,74,58,2,0,0,0
1580169600,LK Wartburgkreis,0,0,0,0,0,0
1580256000,LK Wartburgkreis,0,0,0,0,0,0
1580342400,LK Wartburgkreis,0,0,0,0,0,0
1580428800,LK Wartburgkreis,0,0,0,0,0,0
1580515200,LK Wartburgkreis,0,0,0,0,0,0
1580601600,LK Wartburgkreis,0,0,0,0,0,0
1580688000,LK Wartburgkreis,0,0,0,0,0,0
1580774400,LK Wartburgkreis,0,0,0,0,0,0
1580860800,LK Wartburgkreis,0,0,0,0,0,0
1580947200,LK Wartburgkreis,0,0,0,0,0,0
1581033600,LK Wartburgkreis,0,0,0,0,0,0
1581120000,LK Wartburgkreis,0,0,0,0,0,0
1581206400,LK Wartburgkreis,0,0,0,0,0,0
1581292800,LK Wartburgkreis,0,0,0,0,0,0
1581379200,LK Wartburgkreis,0,0,0,0,0,0
1581465600,LK Wartburgkreis,0,0,0,0,0,0
1581552000,LK Wartburgkreis,0,0,0,0,0,0
1581638400,LK Wartburgkreis,0,0,0,0,0,0
1581724800,LK Wartburgkreis,0,0,0,0,0,0
1581811200,LK Wartburgkreis,0,0,0,0,0,0
1581897600,LK Wartburgkreis,0,0,0,0,0,0
1581984000,LK Wartburgkreis,0,0,0,0,0,0
1582070400,LK Wartburgkreis,0,0,0,0,0,0
1582156800,LK Wartburgkreis,0,0,0,0,0,0
1582243200,LK Wartburgkreis,0,0,0,0,0,0
1582329600,LK Wartburgkreis,0,0,0,0,0,0
1582416000,LK Wartburgkreis,0,0,0,0,0,0
1582502400,LK Wartburgkreis,0,0,0,0,0,0
1582588800,LK Wartburgkreis,0,0,0,0,0,0
1582675200,LK Wartburgkreis,0,0,0,0,0,0
1582761600,LK Wartburgkreis,0,0,0,0,0,0
1582848000,LK Wartburgkreis,0,0,0,0,0,0
1582934400,LK Wartburgkreis,0,0,0,0,0,0
1583020800,LK Wartburgkreis,0,0,0,0,0,0
1583107200,LK Wartburgkreis,0,0,0,0,0,0
1583193600,LK Wartburgkreis,0,0,0,0,0,0
1583280000,LK Wartburgkreis,0,0,0,0,0,0
1583366400,LK Wartburgkreis,0,0,0,0,0,0
1583452800,LK Wartburgkreis,0,0,0,0,0,0
1583539200,LK Wartburgkreis,0,0,0,0,0,0
1583625600,LK Wartburgkreis,0,0,0,0,0,0
1583712000,LK Wartburgkreis,0,0,0,0,0,0
1583798400,LK Wartburgkreis,0,0,0,0,0,0
1583884800,LK Wartburgkreis,0,0,0,0,0,0
1583971200,LK Wartburgkreis,0,0,0,0,0,0
1584057600,LK Wartburgkreis,0,0,0,0,0,0
1584144000,LK Wartburgkreis,1,1,0,1,1,0
1584230400,LK Wartburgkreis,1,1,0,0,0,0
1584316800,LK Wartburgkreis,3,3,0,2,2,0
1584403200,LK Wartburgkreis,5,5,0,2,2,0
1584489600,LK Wartburgkreis,5,5,0,0,0,0
1584576000,LK Wartburgkreis,8,8,0,3,3,0
1584662400,LK Wartburgkreis,11,11,0,3,3,0
1584748800,LK Wartburgkreis,11,11,0,0,0,0
1584835200,LK Wartburgkreis,12,12,0,1,1,0
1584921600,LK Wartburgkreis,14,14,0,2,2,0
1585008000,LK Wartburgkreis,15,15,0,1,1,0
1585094400,LK Wartburgkreis,15,15,0,0,0,0
1585180800,LK Wartburgkreis,15,15,0,0,0,0
1585267200,LK Wartburgkreis,15,15,0,0,0,0
1585353600,LK Wartburgkreis,17,17,0,2,2,0
1585440000,LK Wartburgkreis,17,17,0,0,0,0
1585526400,LK Wartburgkreis,18,18,0,1,1,0
1585612800,LK Wartburgkreis,26,26,0,8,8,0
1585699200,LK Wartburgkreis,26,26,0,0,0,0
1585785600,LK Wartburgkreis,28,28,0,2,2,0
1585872000,LK Wartburgkreis,28,28,0,0,0,0
1585958400,LK Wartburgkreis,28,28,0,0,0,0
1586044800,LK Wartburgkreis,28,28,0,0,0,0
1586131200,LK Wartburgkreis,28,28,0,0,0,0
1586217600,LK Wartburgkreis,31,31,0,3,3,0
1586304000,LK Wartburgkreis,31,31,0,0,0,0
1586390400,LK Wartburgkreis,32,32,0,1,1,0
1586476800,LK Wartburgkreis,33,32,0,1,0,0
1586563200,LK Wartburgkreis,33,32,0,0,0,0
1586649600,LK Wartburgkreis,33,32,0,0,0,0
1586736000,LK Wartburgkreis,33,32,0,0,0,0
1586822400,LK Wartburgkreis,34,32,0,1,0,0
1586908800,LK Wartburgkreis,34,32,0,0,0,0
1586995200,LK Wartburgkreis,34,32,0,0,0,0
1587081600,LK Wartburgkreis,36,33,0,2,1,0
1587168000,LK Wartburgkreis,36,33,0,0,0,0
1587254400,LK Wartburgkreis,36,33,0,0,0,0
1587340800,LK Wartburgkreis,37,33,0,1,0,0
1587427200,LK Wartburgkreis,37,33,0,0,0,0
1587513600,LK Wartburgkreis,37,33,0,0,0,0
1587600000,LK Wartburgkreis,37,33,0,0,0,0
1587686400,LK Wartburgkreis,38,34,0,1,1,0
1587772800,LK Wartburgkreis,39,34,0,1,0,0
1587859200,LK Wartburgkreis,39,34,0,0,0,0
1587945600,LK Wartburgkreis,40,34,0,1,0,0
1588032000,LK Wartburgkreis,40,34,0,0,0,0
1588118400,LK Wartburgkreis,41,34,0,1,0,0
1580169600,LK Weimarer Land,0,0,0,0,0,0
1580256000,LK Weimarer Land,0,0,0,0,0,0
1580342400,LK Weimarer Land,0,0,0,0,0,0
1580428800,LK Weimarer Land,0,0,0,0,0,0
1580515200,LK Weimarer Land,0,0,0,0,0,0
1580601600,LK Weimarer Land,0,0,0,0,0,0
1580688000,LK Weimarer Land,0,0,0,0,0,0
1580774400,LK Weimarer Land,0,0,0,0,0,0
1580860800,LK Weimarer Land,0,0,0,0,0,0
1580947200,LK Weimarer Land,0,0,0,0,0,0
1581033600,LK Weimarer Land,0,0,0,0,0,0
1581120000,LK Weimarer Land,0,0,0,0,0,0
1581206400,LK Weimarer Land,0,0,0,0,0,0
1581292800,LK Weimarer Land,0,0,0,0,0,0
1581379200,LK Weimarer Land,0,0,0,0,0,0
1581465600,LK Weimarer Land,0,0,0,0,0,0
1581552000,LK Weimarer Land,0,0,0,0,0,0
1581638400,LK Weimarer Land,0,0,0,0,0,0
1581724800,LK Weimarer Land,0,0,0,0,0,0
1581811200,LK Weimarer Land,0,0,0,0,0,0
1581897600,LK Weimarer Land,0,0,0,0,0,0
1581984000,LK Weimarer Land,0,0,0,0,0,0
1582070400,LK Weimarer Land,0,0,0,0,0,0
1582156800,LK Weimarer Land,0,0,0,0,0,0
1582243200,LK Weimarer Land,0,0,0,0,0,0
1582329600,LK Weimarer Land,0,0,0,0,0,0
1582416000,LK Weimarer Land,0,0,0,0,0,0
1582502400,LK Weimarer Land,0,0,0,0,0,0
1582588800,LK Weimarer Land,0,0,0,0,0,0
1582675200,LK Weimarer Land,0,0,0,0,0,0
1582761600,LK Weimarer Land,0,0,0,0,0,0
1582848000,LK Weimarer Land,0,0,0,0,0,0
1582934400,LK Weimarer Land,0,0,0,0,0,0
1583020800,LK Weimarer Land,0,0,0,0,0,0
1583107200,LK Weimarer Land,0,0,0,0,0,0
1583193600,LK Weimarer Land,0,0,0,0,0,0
1583280000,LK Weimarer Land,0,0,0,0,0,0
1583366400,LK Weimarer Land,0,0,0,0,0,0
1583452800,LK Weimarer Land,0,0,0,0,0,0
1583539200,LK Weimarer Land,0,0,0,0,0,0
1583625600,LK Weimarer Land,0,0,0,0,0,0
1583712000,LK Weimarer Land,0,0,0,0,0,0
1583798400,LK Weimarer Land,0,0,0,0,0,0
1583884800,LK Weimarer Land,0,0,0,0,0,0
1583971200,LK Weimarer Land,0,0,0,0,0,0
1584057600,LK Weimarer Land,0,0,0,0,0,0
1584144000,LK Weimarer Land,0,0,0,0,0,0
1584230400,LK Weimarer Land,0,0,0,0,0,0
1584316800,LK Weimarer Land,1,1,0,1,1,0
1584403200,LK Weimarer Land,2,2,0,1,1,0
1584489600,LK Weimarer Land,5,5,0,3,3,0
1584576000,LK Weimarer Land,6,6,0,1,1,0
1584662400,LK Weimarer Land,10,10,0,4,4,0
1584748800,LK Weimarer Land,10,10,0,0,0,0
1584835200,LK Weimarer Land,11,11,0,1,1,0
1584921600,LK Weimarer Land,13,13,0,2,2,0
1585008000,LK Weimarer Land,14,14,0,1,1,0
1585094400,LK Weimarer Land,15,15,0,1,1,0
1585180800,LK Weimarer Land,17,17,0,2,2,0
1585267200,LK Weimarer Land,18,18,0,1,1,0
1585353600,LK Weimarer Land,21,21,0,3,3,0
1585440000,LK Weimarer Land,21,21,0,0,0,0
1585526400,LK Weimarer Land,24,24,0,3,3,0
1585612800,LK Weimarer Land,26,26,0,2,2,0
1585699200,LK Weimarer Land,29,29,0,3,3,0
1585785600,LK Weimarer Land,30,30,0,1,1,0
1585872000,LK Weimarer Land,36,36,0,6,6,0
1585958400,LK Weimarer Land,41,40,1,5,4,1
1586044800,LK Weimarer Land,53,48,4,12,8,3
1586131200,LK Weimarer Land,54,49,4,1,1,0
1586217600,LK Weimarer Land,54,49,4,0,0,0
1586304000,LK Weimarer Land,54,49,4,0,0,0
1586390400,LK Weimarer Land,57,52,4,3,3,0
1586476800,LK Weimarer Land,58,53,4,1,1,0
1586563200,LK Weimarer Land,58,53,4,0,0,0
1586649600,LK Weimarer Land,58,53,4,0,0,0
1586736000,LK Weimarer Land,58,53,4,0,0,0
1586822400,LK Weimarer Land,59,54,4,1,1,0
1586908800,LK Weimarer Land,59,54,4,0,0,0
1586995200,LK Weimarer Land,64,59,4,5,5,0
1587081600,LK Weimarer Land,65,60,4,1,1,0
1587168000,LK Weimarer Land,65,60,4,0,0,0
1587254400,LK Weimarer Land,66,61,4,1,1,0
1587340800,LK Weimarer Land,66,61,4,0,0,0
1587427200,LK Weimarer Land,67,61,4,1,0,0
1587513600,LK Weimarer Land,67,61,4,0,0,0
1587600000,LK Weimarer Land,67,61,4,0,0,0
1587686400,LK Weimarer Land,67,61,4,0,0,0
1587772800,LK Weimarer Land,67,61,4,0,0,0
1587859200,LK Weimarer Land,67,61,4,0,0,0
1587945600,LK Weimarer Land,67,61,4,0,0,0
1588032000,LK Weimarer Land,68,61,4,1,0,0
1588118400,LK Weimarer Land,68,61,4,0,0,0
1580169600,SK Eisenach,0,0,0,0,0,0
1580256000,SK Eisenach,0,0,0,0,0,0
1580342400,SK Eisenach,0,0,0,0,0,0
1580428800,SK Eisenach,0,0,0,0,0,0
1580515200,SK Eisenach,0,0,0,0,0,0
1580601600,SK Eisenach,0,0,0,0,0,0
1580688000,SK Eisenach,0,0,0,0,0,0
1580774400,SK Eisenach,0,0,0,0,0,0
1580860800,SK Eisenach,0,0,0,0,0,0
1580947200,SK Eisenach,0,0,0,0,0,0
1581033600,SK Eisenach,0,0,0,0,0,0
1581120000,SK Eisenach,0,0,0,0,0,0
1581206400,SK Eisenach,0,0,0,0,0,0
1581292800,SK Eisenach,0,0,0,0,0,0
1581379200,SK Eisenach,0,0,0,0,0,0
1581465600,SK Eisenach,0,0,0,0,0,0
1581552000,SK Eisenach,0,0,0,0,0,0
1581638400,SK Eisenach,0,0,0,0,0,0
1581724800,SK Eisenach,0,0,0,0,0,0
1581811200,SK Eisenach,0,0,0,0,0,0
1581897600,SK Eisenach,0,0,0,0,0,0
1581984000,SK Eisenach,0,0,0,0,0,0
1582070400,SK Eisenach,0,0,0,0,0,0
1582156800,SK Eisenach,0,0,0,0,0,0
1582243200,SK Eisenach,0,0,0,0,0,0
1582329600,SK Eisenach,0,0,0,0,0,0
1582416000,SK Eisenach,0,0,0,0,0,0
1582502400,SK Eisenach,0,0,0,0,0,0
1582588800,SK Eisenach,0,0,0,0,0,0
1582675200,SK Eisenach,0,0,0,0,0,0
1582761600,SK Eisenach,0,0,0,0,0,0
1582848000,SK Eisenach,0,0,0,0,0,0
1582934400,SK Eisenach,0,0,0,0,0,0
1583020800,SK Eisenach,0,0,0,0,0,0
1583107200,SK Eisenach,0,0,0,0,0,0
1583193600,SK Eisenach,0,0,0,0,0,0
1583280000,SK Eisenach,0,0,0,0,0,0
1583366400,SK Eisenach,0,0,0,0,0,0
1583452800,SK Eisenach,0,0,0,0,0,0
1583539200,SK Eisenach,0,0,0,0,0,0
1583625600,SK Eisenach,0,0,0,0,0,0
1583712000,SK Eisenach,0,0,0,0,0,0
1583798400,SK Eisenach,1,1,0,1,1,0
1583884800,SK Eisenach,1,1,0,0,0,0
1583971200,SK Eisenach,1,1,0,0,0,0
1584057600,SK Eisenach,1,1,0,0,0,0
1584144000,SK Eisenach,1,1,0,0,0,0
1584230400,SK Eisenach,1,1,0,0,0,0
1584316800,SK Eisenach,1,1,0,0,0,0
1584403200,SK Eisenach,1,1,0,0,0,0
1584489600,SK Eisenach,1,1,0,0,0,0
1584576000,SK Eisenach,1,1,0,0,0,0
1584662400,SK Eisenach,1,1,0,0,0,0
1584748800,SK Eisenach,1,1,0,0,0,0
1584835200,SK Eisenach,1,1,0,0,0,0
1584921600,SK Eisenach,1,1,0,0,0,0
1585008000,SK Eisenach,2,1,1,1,0,1
1585094400,SK Eisenach,3,2,1,1,1,0
1585180800,SK Eisenach,4,3,1,1,1,0
1585267200,SK Eisenach,4,3,1,0,0,0
1585353600,SK Eisenach,4,3,1,0,0,0
1585440000,SK Eisenach,4,3,1,0,0,0
1585526400,SK Eisenach,4,3,1,0,0,0
1585612800,SK Eisenach,6,5,1,2,2,0
1585699200,SK Eisenach,6,5,1,0,0,0
1585785600,SK Eisenach,7,6,1,1,1,0
1585872000,SK Eisenach,8,7,1,1,1,0
1585958400,SK Eisenach,8,7,1,0,0,0
1586044800,SK Eisenach,8,7,1,0,0,0
1586131200,SK Eisenach,9,8,1,1,1,0
1586217600,SK Eisenach,9,8,1,0,0,0
1586304000,SK Eisenach,10,9,1,1,1,0
1586390400,SK Eisenach,12,11,1,2,2,0
1586476800,SK Eisenach,12,11,1,0,0,0
1586563200,SK Eisenach,12,11,1,0,0,0
1586649600,SK Eisenach,12,11,1,0,0,0
1586736000,SK Eisenach,12,11,1,0,0,0
1586822400,SK Eisenach,13,12,1,1,1,0
1586908800,SK Eisenach,13,12,1,0,0,0
1586995200,SK Eisenach,13,12,1,0,0,0
1587081600,SK Eisenach,13,12,1,0,0,0
1587168000,SK Eisenach,13,12,1,0,0,0
1587254400,SK Eisenach,14,12,1,1,0,0
1587340800,SK Eisenach,14,12,1,0,0,0
1587427200,SK Eisenach,14,12,1,0,0,0
1587513600,SK Eisenach,15,12,1,1,0,0
1587600000,SK Eisenach,16,12,1,1,0,0
1587686400,SK Eisenach,16,12,1,0,0,0
1587772800,SK Eisenach,16,12,1,0,0,0
1587859200,SK Eisenach,16,12,1,0,0,0
1587945600,SK Eisenach,16,12,1,0,0,0
1588032000,SK Eisenach,20,12,1,4,0,0
1588118400,SK Eisenach,21,12,1,1,0,0
1580169600,SK Erfurt,0,0,0,0,0,0
1580256000,SK Erfurt,0,0,0,0,0,0
1580342400,SK Erfurt,0,0,0,0,0,0
1580428800,SK Erfurt,0,0,0,0,0,0
1580515200,SK Erfurt,0,0,0,0,0,0
1580601600,SK Erfurt,0,0,0,0,0,0
1580688000,SK Erfurt,0,0,0,0,0,0
1580774400,SK Erfurt,0,0,0,0,0,0
1580860800,SK Erfurt,0,0,0,0,0,0
1580947200,SK Erfurt,0,0,0,0,0,0
1581033600,SK Erfurt,0,0,0,0,0,0
1581120000,SK Erfurt,0,0,0,0,0,0
1581206400,SK Erfurt,0,0,0,0,0,0
1581292800,SK Erfurt,0,0,0,0,0,0
1581379200,SK Erfurt,0,0,0,0,0,0
1581465600,SK Erfurt,0,0,0,0,0,0
1581552000,SK Erfurt,0,0,0,0,0,0
1581638400,SK Erfurt,0,0,0,0,0,0
1581724800,SK Erfurt,0,0,0,0,0,0
1581811200,SK Erfurt,0,0,0,0,0,0
1581897600,SK Erfurt,0,0,0,0,0,0
1581984000,SK Erfurt,0,0,0,0,0,0
1582070400,SK Erfurt,0,0,0,0,0,0
1582156800,SK Erfurt,0,0,0,0,0,0
1582243200,SK Erfurt,0,0,0,0,0,0
1582329600,SK Erfurt,0,0,0,0,0,0
1582416000,SK Erfurt,0,0,0,0,0,0
1582502400,SK Erfurt,0,0,0,0,0,0
1582588800,SK Erfurt,0,0,0,0,0,0
1582675200,SK Erfurt,0,0,0,0,0,0
1582761600,SK Erfurt,0,0,0,0,0,0
1582848000,SK Erfurt,0,0,0,0,0,0
1582934400,SK Erfurt,0,0,0,0,0,0
1583020800,SK Erfurt,0,0,0,0,0,0
1583107200,SK Erfurt,0,0,0,0,0,0
1583193600,SK Erfurt,0,0,0,0,0,0
1583280000,SK Erfurt,0,0,0,0,0,0
1583366400,SK Erfurt,0,0,0,0,0,0
1583452800,SK Erfurt,0,0,0,0,0,0
1583539200,SK Erfurt,1,1,0,1,1,0
1583625600,SK Erfurt,1,1,0,0,0,0
1583712000,SK Erfurt,1,1,0,0,0,0
1583798400,SK Erfurt,2,2,0,1,1,0
1583884800,SK Erfurt,2,2,0,0,0,0
1583971200,SK Erfurt,2,2,0,0,0,0
1584057600,SK Erfurt,4,4,0,2,2,0
1584144000,SK Erfurt,10,10,0,6,6,0
1584230400,SK Erfurt,10,10,0,0,0,0
1584316800,SK Erfurt,16,16,0,6,6,0
1584403200,SK Erfurt,16,16,0,0,0,0
1584489600,SK Erfurt,17,17,0,1,1,0
1584576000,SK Erfurt,26,26,0,9,9,0
1584662400,SK Erfurt,28,28,0,2,2,0
1584748800,SK Erfurt,29,29,0,1,1,0
1584835200,SK Erfurt,30,30,0,1,1,0
1584921600,SK Erfurt,43,43,0,13,13,0
1585008000,SK Erfurt,53,53,0,10,10,0
1585094400,SK Erfurt,61,61,0,8,8,0
1585180800,SK Erfurt,67,67,0,6,6,0
1585267200,SK Erfurt,72,72,0,5,5,0
1585353600,SK Erfurt,75,75,0,3,3,0
1585440000,SK Erfurt,77,77,0,2,2,0
1585526400,SK Erfurt,77,77,0,0,0,0
1585612800,SK Erfurt,82,82,0,5,5,0
1585699200,SK Erfurt,87,87,0,5,5,0
1585785600,SK Erfurt,89,89,0,2,2,0
1585872000,SK Erfurt,92,92,0,3,3,0
1585958400,SK Erfurt,94,93,1,2,1,1
1586044800,SK Erfurt,95,93,1,1,0,0
1586131200,SK Erfurt,97,95,1,2,2,0
1586217600,SK Erfurt,103,100,2,6,5,1
1586304000,SK Erfurt,107,104,2,4,4,0
1586390400,SK Erfurt,108,105,2,1,1,0
1586476800,SK Erfurt,110,107,2,2,2,0
1586563200,SK Erfurt,110,107,2,0,0,0
1586649600,SK Erfurt,112,109,2,2,2,0
1586736000,SK Erfurt,113,110,2,1,1,0
1586822400,SK Erfurt,115,112,2,2,2,0
1586908800,SK Erfurt,117,114,2,2,2,0
1586995200,SK Erfurt,120,117,2,3,3,0
1587081600,SK Erfurt,121,118,2,1,1,0
1587168000,SK Erfurt,121,118,2,0,0,0
1587254400,SK Erfurt,122,119,2,1,1,0
1587340800,SK Erfurt,122,119,2,0,0,0
1587427200,SK Erfurt,125,121,2,3,2,0
1587513600,SK Erfurt,129,122,2,4,1,0
1587600000,SK Erfurt,131,122,2,2,0,0
1587686400,SK Erfurt,131,122,2,0,0,0
1587772800,SK Erfurt,132,122,2,1,0,0
1587859200,SK Erfurt,132,122,2,0,0,0
1587945600,SK Erfurt,133,123,2,1,1,0
1588032000,SK Erfurt,133,123,2,0,0,0
1588118400,SK Erfurt,133,123,2,0,0,0
1580169600,SK Gera,0,0,0,0,0,0
1580256000,SK Gera,0,0,0,0,0,0
1580342400,SK Gera,0,0,0,0,0,0
1580428800,SK Gera,0,0,0,0,0,0
1580515200,SK Gera,0,0,0,0,0,0
1580601600,SK Gera,0,0,0,0,0,0
1580688000,SK Gera,0,0,0,0,0,0
1580774400,SK Gera,0,0,0,0,0,0
1580860800,SK Gera,0,0,0,0,0,0
1580947200,SK Gera,0,0,0,0,0,0
1581033600,SK Gera,0,0,0,0,0,0
1581120000,SK Gera,0,0,0,0,0,0
1581206400,SK Gera,0,0,0,0,0,0
1581292800,SK Gera,0,0,0,0,0,0
1581379200,SK Gera,0,0,0,0,0,0
1581465600,SK Gera,0,0,0,0,0,0
1581552000,SK Gera,0,0,0,0,0,0
1581638400,SK Gera,0,0,0,0,0,0
1581724800,SK Gera,0,0,0,0,0,0
1581811200,SK Gera,0,0,0,0,0,0
1581897600,SK Gera,0,0,0,0,0,0
1581984000,SK Gera,0,0,0,0,0,0
1582070400,SK Gera,0,0,0,0,0,0
1582156800,SK Gera,0,0,0,0,0,0
1582243200,SK Gera,0,0,0,0,0,0
1582329600,SK Gera,0,0,0,0,0,0
1582416000,SK Gera,0,0,0,0,0,0
1582502400,SK Gera,0,0,0,0,0,0
1582588800,SK Gera,0,0,0,0,0,0
1582675200,SK Gera,0,0,0,0,0,0
1582761600,SK Gera,0,0,0,0,0,0
1582848000,SK Gera,0,0,0,0,0,0
1582934400,SK Gera,0,0,0,0,0,0
1583020800,SK Gera,0,0,0,0,0,0
1583107200,SK Gera,0,0,0,0,0,0
1583193600,SK Gera,0,0,0,0,0,0
1583280000,SK Gera,0,0,0,0,0,0
1583366400,SK Gera,0,0,0,0,0,0
1583452800,SK Gera,0,0,0,0,0,0
1583539200,SK Gera,0,0,0,0,0,0
1583625600,SK Gera,0,0,0,0,0,0
1583712000,SK Gera,0,0,0,0,0,0
1583798400,SK Gera,0,0,0,0,0,0
1583884800,SK Gera,1,1,0,1,1,0
1583971200,SK Gera,1,1,0,0,0,0
1584057600,SK Gera,1,1,0,0,0,0
1584144000,SK Gera,1,1,0,0,0,0
1584230400,SK Gera,1,1,0,0,0,0
1584316800,SK Gera,1,1,0,0,0,0
1584403200,SK Gera,2,2,0,1,1,0
1584489600,SK Gera,4,4,0,2,2,0
1584576000,SK Gera,4,4,0,0,0,0
1584662400,SK Gera,4,4,0,0,0,0
1584748800,SK Gera,4,4,0,0,0,0
1584835200,SK Gera,4,4,0,0,0,0
1584921600,SK Gera,6,6,0,2,2,0
1585008000,SK Gera,7,7,0,1,1,0
1585094400,SK Gera,7,7,0,0,0,0
1585180800,SK Gera,8,8,0,1,1,0
1585267200,SK Gera,14,14,0,6,6,0
1585353600,SK Gera,19,19,0,5,5,0
1585440000,SK Gera,19,19,0,0,0,0
1585526400,SK Gera,19,19,0,0,0,0
1585612800,SK Gera,19,19,0,0,0,0
1585699200,SK Gera,23,23,0,4,4,0
1585785600,SK Gera,31,31,0,8,8,0
1585872000,SK Gera,33,33,0,2,2,0
1585958400,SK Gera,33,33,0,0,0,0
1586044800,SK Gera,33,33,0,0,0,0
1586131200,SK Gera,34,33,0,1,0,0
1586217600,SK Gera,37,34,0,3,1,0
1586304000,SK Gera,39,36,0,2,2,0
1586390400,SK Gera,48,44,0,9,8,0
1586476800,SK Gera,48,44,0,0,0,0
1586563200,SK Gera,50,46,0,2,2,0
1586649600,SK Gera,55,48,3,5,2,3
1586736000,SK Gera,55,48,3,0,0,0
1586822400,SK Gera,66,55,3,11,7,0
1586908800,SK Gera,74,62,4,8,7,1
1586995200,SK Gera,79,66,4,5,4,0
1587081600,SK Gera,80,66,4,1,0,0
1587168000,SK Gera,88,71,4,8,5,0
1587254400,SK Gera,91,74,4,3,3,0
1587340800,SK Gera,94,74,5,3,0,1
1587427200,SK Gera,109,74,5,15,0,0
1587513600,SK Gera,115,76,5,6,2,0
1587600000,SK Gera,124,78,5,9,2,0
1587686400,SK Gera,133,79,5,9,1,0
1587772800,SK Gera,134,79,5,1,0,0
1587859200,SK Gera,137,79,5,3,0,0
1587945600,SK Gera,140,79,5,3,0,0
1588032000,SK Gera,148,79,5,8,0,0
1588118400,SK Gera,151,79,5,3,0,0
1580169600,SK Jena,0,0,0,0,0,0
1580256000,SK Jena,0,0,0,0,0,0
1580342400,SK Jena,0,0,0,0,0,0
1580428800,SK Jena,0,0,0,0,0,0
1580515200,SK Jena,0,0,0,0,0,0
1580601600,SK Jena,0,0,0,0,0,0
1580688000,SK Jena,0,0,0,0,0,0
1580774400,SK Jena,0,0,0,0,0,0
1580860800,SK Jena,0,0,0,0,0,0
1580947200,SK Jena,0,0,0,0,0,0
1581033600,SK Jena,0,0,0,0,0,0
1581120000,SK Jena,0,0,0,0,0,0
1581206400,SK Jena,0,0,0,0,0,0
1581292800,SK Jena,0,0,0,0,0,0
1581379200,SK Jena,0,0,0,0,0,0
1581465600,SK Jena,0,0,0,0,0,0
1581552000,SK Jena,0,0,0,0,0,0
1581638400,SK Jena,0,0,0,0,0,0
1581724800,SK Jena,0,0,0,0,0,0
1581811200,SK Jena,0,0,0,0,0,0
1581897600,SK Jena,0,0,0,0,0,0
1581984000,SK Jena,0,0,0,0,0,0
1582070400,SK Jena,0,0,0,0,0,0
1582156800,SK Jena,0,0,0,0,0,0
1582243200,SK Jena,0,0,0,0,0,0
1582329600,SK Jena,0,0,0,0,0,0
1582416000,SK Jena,0,0,0,0,0,0
1582502400,SK Jena,0,0,0,0,0,0
1582588800,SK Jena,0,0,0,0,0,0
1582675200,SK Jena,0,0,0,0,0,0
1582761600,SK Jena,0,0,0,0,0,0
1582848000,SK Jena,0,0,0,0,0,0
1582934400,SK Jena,0,0,0,0,0,0
1583020800,SK Jena,0,0,0,0,0,0
1583107200,SK Jena,0,0,0,0,0,0
1583193600,SK Jena,0,0,0,0,0,0
1583280000,SK Jena,0,0,0,0,0,0
1583366400,SK Jena,0,0,0,0,0,0
1583452800,SK Jena,0,0,0,0,0,0
1583539200,SK Jena,0,0,0,0,0,0
1583625600,SK Jena,0,0,0,0,0,0
1583712000,SK Jena,0,0,0,0,0,0
1583798400,SK Jena,0,0,0,0,0,0
1583884800,SK Jena,0,0,0,0,0,0
1583971200,SK Jena,0,0,0,0,0,0
1584057600,SK Jena,0,0,0,0,0,0
1584144000,SK Jena,8,8,0,8,8,0
1584230400,SK Jena,8,8,0,0,0,0
1584316800,SK Jena,11,11,0,3,3,0
1584403200,SK Jena,22,22,0,11,11,0
1584489600,SK Jena,29,29,0,7,7,0
1584576000,SK Jena,39,39,0,10,10,0
1584662400,SK Jena,60,60,0,21,21,0
1584748800,SK Jena,71,70,1,11,10,1
1584835200,SK Jena,80,79,1,9,9,0
1584921600,SK Jena,85,84,1,5,5,0
1585008000,SK Jena,87,86,1,2,2,0
1585094400,SK Jena,91,90,1,4,4,0
1585180800,SK Jena,95,94,1,4,4,0
1585267200,SK Jena,98,97,1,3,3,0
1585353600,SK Jena,113,112,1,15,15,0
1585440000,SK Jena,115,114,1,2,2,0
1585526400,SK Jena,118,117,1,3,3,0
1585612800,SK Jena,121,120,1,3,3,0
1585699200,SK Jena,125,123,2,4,3,1
1585785600,SK Jena,130,127,3,5,4,1
1585872000,SK Jena,134,131,3,4,4,0
1585958400,SK Jena,138,135,3,4,4,0
1586044800,SK Jena,141,138,3,3,3,0
1586131200,SK Jena,142,139,3,1,1,0
1586217600,SK Jena,147,144,3,5,5,0
1586304000,SK Jena,151,147,3,4,3,0
1586390400,SK Jena,154,150,3,3,3,0
1586476800,SK Jena,154,150,3,0,0,0
1586563200,SK Jena,154,150,3,0,0,0
1586649600,SK Jena,155,151,3,1,1,0
1586736000,SK Jena,155,151,3,0,0,0
1586822400,SK Jena,155,151,3,0,0,0
1586908800,SK Jena,155,151,3,0,0,0
1586995200,SK Jena,155,151,3,0,0,0
1587081600,SK Jena,155,151,3,0,0,0
1587168000,SK Jena,155,151,3,0,0,0
1587254400,SK Jena,155,151,3,0,0,0
1587340800,SK Jena,155,151,3,0,0,0
1587427200,SK Jena,155,151,3,0,0,0
1587513600,SK Jena,155,151,3,0,0,0
1587600000,SK Jena,157,151,3,2,0,0
1587686400,SK Jena,157,151,3,0,0,0
1587772800,SK Jena,157,151,3,0,0,0
1587859200,SK Jena,157,151,3,0,0,0
1587945600,SK Jena,157,151,3,0,0,0
1588032000,SK Jena,158,151,3,1,0,0
1588118400,SK Jena,158,151,3,0,0,0
1580169600,SK Suhl,0,0,0,0,0,0
1580256000,SK Suhl,0,0,0,0,0,0
1580342400,SK Suhl,0,0,0,0,0,0
1580428800,SK Suhl,0,0,0,0,0,0
1580515200,SK Suhl,0,0,0,0,0,0
1580601600,SK Suhl,0,0,0,0,0,0
1580688000,SK Suhl,0,0,0,0,0,0
1580774400,SK Suhl,0,0,0,0,0,0
1580860800,SK Suhl,0,0,0,0,0,0
1580947200,SK Suhl,0,0,0,0,0,0
1581033600,SK Suhl,0,0,0,0,0,0
1581120000,SK Suhl,0,0,0,0,0,0
1581206400,SK Suhl,0,0,0,0,0,0
1581292800,SK Suhl,0,0,0,0,0,0
1581379200,SK Suhl,0,0,0,0,0,0
1581465600,SK Suhl,0,0,0,0,0,0
1581552000,SK Suhl,0,0,0,0,0,0
1581638400,SK Suhl,0,0,0,0,0,0
1581724800,SK Suhl,0,0,0,0,0,0
1581811200,SK Suhl,0,0,0,0,0,0
1581897600,SK Suhl,0,0,0,0,0,0
1581984000,SK Suhl,0,0,0,0,0,0
1582070400,SK Suhl,0,0,0,0,0,0
1582156800,SK Suhl,0,0,0,0,0,0
1582243200,SK Suhl,0,0,0,0,0,0
1582329600,SK Suhl,0,0,0,0,0,0
1582416000,SK Suhl,0,0,0,0,0,0
1582502400,SK Suhl,0,0,0,0,0,0
1582588800,SK Suhl,0,0,0,0,0,0
1582675200,SK Suhl,0,0,0,0,0,0
1582761600,SK Suhl,0,0,0,0,0,0
1582848000,SK Suhl,0,0,0,0,0,0
1582934400,SK Suhl,0,0,0,0,0,0
1583020800,SK Suhl,0,0,0,0,0,0
1583107200,SK Suhl,0,0,0,0,0,0
1583193600,SK Suhl,0,0,0,0,0,0
1583280000,SK Suhl,0,0,0,0,0,0
1583366400,SK Suhl,0,0,0,0,0,0
1583452800,SK Suhl,0,0,0,0,0,0
1583539200,SK Suhl,0,0,0,0,0,0
1583625600,SK Suhl,0,0,0,0,0,0
1583712000,SK Suhl,0,0,0,0,0,0
1583798400,SK Suhl,0,0,0,0,0,0
1583884800,SK Suhl,0,0,0,0,0,0
1583971200,SK Suhl,0,0,0,0,0,0
1584057600,SK Suhl,1,1,0,1,1,0
1584144000,SK Suhl,1,1,0,0,0,0
1584230400,SK Suhl,1,1,0,0,0,0
1584316800,SK Suhl,1,1,0,0,0,0
1584403200,SK Suhl,1,1,0,0,0,0
1584489600,SK Suhl,1,1,0,0,0,0
1584576000,SK Suhl,1,1,0,0,0,0
1584662400,SK Suhl,2,2,0,1,1,0
1584748800,SK Suhl,4,4,0,2,2,0
1584835200,SK Suhl,4,4,0,0,0,0
1584921600,SK Suhl,4,4,0,0,0,0
1585008000,SK Suhl,5,4,1,1,0,1
1585094400,SK Suhl,5,4,1,0,0,0
1585180800,SK Suhl,5,4,1,0,0,0
1585267200,SK Suhl,5,4,1,0,0,0
1585353600,SK Suhl,6,4,2,1,0,1
1585440000,SK Suhl,6,4,2,0,0,0
1585526400,SK Suhl,7,5,2,1,1,0
1585612800,SK Suhl,7,5,2,0,0,0
1585699200,SK Suhl,7,5,2,0,0,0
1585785600,SK Suhl,8,6,2,1,1,0
1585872000,SK Suhl,9,7,2,1,1,0
1585958400,SK Suhl,10,8,2,1,1,0
1586044800,SK Suhl,10,8,2,0,0,0
1586131200,SK Suhl,11,9,2,1,1,0
1586217600,SK Suhl,11,9,2,0,0,0
1586304000,SK Suhl,11,9,2,0,0,0
1586390400,SK Suhl,11,9,2,0,0,0
1586476800,SK Suhl,11,9,2,0,0,0
1586563200,SK Suhl,11,9,2,0,0,0
1586649600,SK Suhl,11,9,2,0,0,0
1586736000,SK Suhl,11,9,2,0,0,0
1586822400,SK Suhl,11,9,2,0,0,0
1586908800,SK Suhl,12,10,2,1,1,0
1586995200,SK Suhl,12,10,2,0,0,0
1587081600,SK Suhl,13,10,2,1,0,0
1587168000,SK Suhl,13,10,2,0,0,0
1587254400,SK Suhl,13,10,2,0,0,0
1587340800,SK Suhl,13,10,2,0,0,0
1587427200,SK Suhl,13,10,2,0,0,0
1587513600,SK Suhl,13,10,2,0,0,0
1587600000,SK Suhl,13,10,2,0,0,0
1587686400,SK Suhl,13,10,2,0,0,0
1587772800,SK Suhl,13,10,2,0,0,0
1587859200,SK Suhl,13,10,2,0,0,0
1587945600,SK Suhl,13,10,2,0,0,0
1588032000,SK Suhl,13,10,2,0,0,0
1588118400,SK Suhl,13,10,2,0,0,0
1580169600,SK Weimar,0,0,0,0,0,0
1580256000,SK Weimar,0,0,0,0,0,0
1580342400,SK Weimar,0,0,0,0,0,0
1580428800,SK Weimar,0,0,0,0,0,0
1580515200,SK Weimar,0,0,0,0,0,0
1580601600,SK Weimar,0,0,0,0,0,0
1580688000,SK Weimar,0,0,0,0,0,0
1580774400,SK Weimar,0,0,0,0,0,0
1580860800,SK Weimar,0,0,0,0,0,0
1580947200,SK Weimar,0,0,0,0,0,0
1581033600,SK Weimar,0,0,0,0,0,0
1581120000,SK Weimar,0,0,0,0,0,0
1581206400,SK Weimar,0,0,0,0,0,0
1581292800,SK Weimar,0,0,0,0,0,0
1581379200,SK Weimar,0,0,0,0,0,0
1581465600,SK Weimar,0,0,0,0,0,0
1581552000,SK Weimar,0,0,0,0,0,0
1581638400,SK Weimar,0,0,0,0,0,0
1581724800,SK Weimar,0,0,0,0,0,0
1581811200,SK Weimar,0,0,0,0,0,0
1581897600,SK Weimar,0,0,0,0,0,0
1581984000,SK Weimar,0,0,0,0,0,0
1582070400,SK Weimar,0,0,0,0,0,0
1582156800,SK Weimar,0,0,0,0,0,0
1582243200,SK Weimar,0,0,0,0,0,0
1582329600,SK Weimar,0,0,0,0,0,0
1582416000,SK Weimar,0,0,0,0,0,0
1582502400,SK Weimar,0,0,0,0,0,0
1582588800,SK Weimar,0,0,0,0,0,0
1582675200,SK Weimar,0,0,0,0,0,0
1582761600,SK Weimar,0,0,0,0,0,0
1582848000,SK Weimar,0,0,0,0,0,0
1582934400,SK Weimar,0,0,0,0,0,0
1583020800,SK Weimar,0,0,0,0,0,0
1583107200,SK Weimar,0,0,0,0,0,0
1583193600,SK Weimar,0,0,0,0,0,0
1583280000,SK Weimar,0,0,0,0,0,0
1583366400,SK Weimar,0,0,0,0,0,0
1583452800,SK Weimar,0,0,0,0,0,0
1583539200,SK Weimar,0,0,0,0,0,0
1583625600,SK Weimar,0,0,0,0,0,0
1583712000,SK Weimar,0,0,0,0,0,0
1583798400,SK Weimar,1,1,0,1,1,0
1583884800,SK Weimar,1,1,0,0,0,0
1583971200,SK Weimar,1,1,0,0,0,0
1584057600,SK Weimar,1,1,0,0,0,0
1584144000,SK Weimar,1,1,0,0,0,0
1584230400,SK Weimar,1,1,0,0,0,0
1584316800,SK Weimar,2,2,0,1,1,0
1584403200,SK Weimar,6,6,0,4,4,0
1584489600,SK Weimar,7,7,0,1,1,0
1584576000,SK Weimar,7,7,0,0,0,0
1584662400,SK Weimar,10,10,0,3,3,0
1584748800,SK Weimar,10,10,0,0,0,0
1584835200,SK Weimar,10,10,0,0,0,0
1584921600,SK Weimar,13,13,0,3,3,0
1585008000,SK Weimar,16,16,0,3,3,0
1585094400,SK Weimar,20,20,0,4,4,0
1585180800,SK Weimar,23,23,0,3,3,0
1585267200,SK Weimar,24,24,0,1,1,0
1585353600,SK Weimar,29,29,0,5,5,0
1585440000,SK Weimar,29,29,0,0,0,0
1585526400,SK Weimar,29,29,0,0,0,0
1585612800,SK Weimar,29,29,0,0,0,0
1585699200,SK Weimar,34,34,0,5,5,0
1585785600,SK Weimar,38,38,0,4,4,0
1585872000,SK Weimar,43,43,0,5,5,0
1585958400,SK Weimar,43,43,0,0,0,0
1586044800,SK Weimar,46,46,0,3,3,0
1586131200,SK Weimar,48,47,0,2,1,0
1586217600,SK Weimar,51,50,0,3,3,0
1586304000,SK Weimar,52,51,0,1,1,0
1586390400,SK Weimar,55,54,0,3,3,0
1586476800,SK Weimar,55,54,0,0,0,0
1586563200,SK Weimar,55,54,0,0,0,0
1586649600,SK Weimar,58,57,0,3,3,0
1586736000,SK Weimar,58,57,0,0,0,0
1586822400,SK Weimar,58,57,0,0,0,0
1586908800,SK Weimar,58,57,0,0,0,0
1586995200,SK Weimar,58,57,0,0,0,0
1587081600,SK Weimar,58,57,0,0,0,0
1587168000,SK Weimar,58,57,0,0,0,0
1587254400,SK Weimar,58,57,0,0,0,0
1587340800,SK Weimar,58,57,0,0,0,0
1587427200,SK Weimar,59,57,0,1,0,0
1587513600,SK Weimar,59,57,0,0,0,0
1587600000,SK Weimar,60,57,0,1,0,0
1587686400,SK Weimar,60,57,0,0,0,0
1587772800,SK Weimar,61,57,0,1,0,0
1587859200,SK Weimar,61,57,0,0,0,0
1587945600,SK Weimar,61,57,0,0,0,0
1588032000,SK Weimar,61,57,0,0,0,0
1588118400,SK Weimar,61,57,0,0,0,0
